-- phpMyAdmin SQL Dump
-- version 5.0.4
-- https://www.phpmyadmin.net/
--
-- Host: 127.0.0.1
-- Generation Time: May 07, 2025 at 10:18 AM
-- Server version: 10.4.17-MariaDB
-- PHP Version: 8.0.0

SET SQL_MODE = "NO_AUTO_VALUE_ON_ZERO";
START TRANSACTION;
SET time_zone = "+00:00";


/*!40101 SET @OLD_CHARACTER_SET_CLIENT=@@CHARACTER_SET_CLIENT */;
/*!40101 SET @OLD_CHARACTER_SET_RESULTS=@@CHARACTER_SET_RESULTS */;
/*!40101 SET @OLD_COLLATION_CONNECTION=@@COLLATION_CONNECTION */;
/*!40101 SET NAMES utf8mb4 */;

--
-- Database: `feedback_db`
--

-- --------------------------------------------------------

--
-- Table structure for table `additional_comment`
--

CREATE TABLE `additional_comment` (
  `id` int(11) NOT NULL,
  `participant_id` varchar(11) NOT NULL,
  `additional_question` text NOT NULL
) ENGINE=InnoDB DEFAULT CHARSET=utf8mb4;

--
-- Dumping data for table `additional_comment`
--

INSERT INTO `additional_comment` (`id`, `participant_id`, `additional_question`) VALUES
(1, '', 'Which topic did you find useful? Why?'),
(2, '', 'Which topic did you find least useful? Why?'),
(3, '', 'What part of today\'s activity/session did you like the most? Why?'),
(4, '', 'What key learning point/s have you gained from this activity/session?  '),
(5, '', 'How are you going to use the skills/knowledge/ideas/concepts gained from this activity/session?'),
(6, '', 'In a scale of 1-10 10 being the highest, how will you rate this activity/session?'),
(7, '', 'How do you think this activity/session can best be improved in the future?');

-- --------------------------------------------------------

--
-- Table structure for table `admin`
--

CREATE TABLE `admin` (
  `id` int(11) NOT NULL,
  `username` varchar(100) NOT NULL,
  `password` varchar(255) NOT NULL,
  `password_updated_at` datetime DEFAULT NULL,
  `fullname` varchar(200) DEFAULT NULL,
  `email` varchar(255) DEFAULT NULL,
  `phone` varchar(20) DEFAULT NULL,
  `profile_image` varchar(255) DEFAULT NULL
) ENGINE=InnoDB DEFAULT CHARSET=utf8mb4;

--
-- Dumping data for table `admin`
--

INSERT INTO `admin` (`id`, `username`, `password`, `password_updated_at`, `fullname`, `email`, `phone`, `profile_image`) VALUES
(1, 'Admin', 'pbkdf2:sha256:600000$mHQTCQJSCzzeJl36$26e520aabf34dd0eca9b8c62bee854de916425bf0f25a70d2e181ac0b68c027a', NULL, 'Kyla Verona', 'emails07@gmail.com', '65236565312', '/static/uploads/friend-05.png'),
(3, 'Teacher Dawn', 'pbkdf2:sha256:1000000$amtAuWJXvzEn2HhU$c98bc0138bd6ace79049a300e8d802a4b7cc6e04bfd39d458ee91a07c0f423da', '2025-04-23 00:31:07', 'Dawn Night', 'email@gmail.com', '0920923092039', '/static/uploads/Khao_Manee.1.jpg');

-- --------------------------------------------------------

--
-- Table structure for table `admin_login_activity`
--

CREATE TABLE `admin_login_activity` (
  `id` int(11) NOT NULL,
  `admin_id` int(11) NOT NULL,
  `timestamp` datetime DEFAULT NULL,
  `ip_address` varchar(45) NOT NULL,
  `user_agent` varchar(255) NOT NULL
) ENGINE=InnoDB DEFAULT CHARSET=utf8mb4;

--
-- Dumping data for table `admin_login_activity`
--

INSERT INTO `admin_login_activity` (`id`, `admin_id`, `timestamp`, `ip_address`, `user_agent`) VALUES
(8, 1, '2025-04-21 02:49:20', '', ''),
(11, 3, '2025-04-22 03:36:58', '', ''),
(12, 3, '2025-04-22 05:11:20', '', ''),
(13, 3, '2025-04-22 05:19:15', '', ''),
(14, 3, '2025-04-22 07:17:45', '', ''),
(15, 3, '2025-04-22 07:18:01', '', ''),
(16, 3, '2025-04-22 08:25:38', '', ''),
(17, 3, '2025-04-23 00:30:16', '', ''),
(18, 3, '2025-04-23 00:42:47', '', ''),
(19, 3, '2025-04-23 05:16:44', '', ''),
(20, 3, '2025-04-24 01:01:20', '', ''),
(21, 3, '2025-04-25 04:59:34', '', ''),
(22, 3, '2025-04-28 01:09:50', '', ''),
(23, 3, '2025-04-29 00:09:56', '', ''),
(24, 3, '2025-05-02 06:22:34', '', ''),
(25, 3, '2025-05-06 05:10:07', '', ''),
(26, 1, '2025-05-06 05:56:10', '', ''),
(27, 1, '2025-05-06 06:08:34', '', ''),
(28, 1, '2025-05-06 06:46:58', '', ''),
(29, 1, '2025-05-07 06:33:23', '', '');

-- --------------------------------------------------------

--
-- Table structure for table `assessment`
--

CREATE TABLE `assessment` (
  `id` int(11) NOT NULL,
  `question_num` int(11) NOT NULL,
  `assessment_text` text NOT NULL,
  `category` text NOT NULL
) ENGINE=InnoDB DEFAULT CHARSET=utf8mb4;

--
-- Dumping data for table `assessment`
--

INSERT INTO `assessment` (`id`, `question_num`, `assessment_text`, `category`) VALUES
(1, 1, 'The OBJECTIVES of the activity were clearly defined and met.', 'About the topic/s'),
(2, 2, 'The duration of the topic/s or session/s was/were adequate.', 'About the topic/s'),
(3, 3, 'The topics discussed were relevant to what I aimed to learn at the end of the session.', 'About the topic/s'),
(4, 4, 'The handouts and the other learning materials provided were appropriate for the participants and were useful.', 'About the materials'),
(5, 5, 'The quantity of the handouts and other learning materials provided were sufficient for all participants.', 'About the materials'),
(6, 6, 'The facilitator/s is/are punctual and prepared.', 'About the facilitator/s'),
(7, 7, 'The facilitator/s is/are confident and knowledgeable about the subject matter.', 'About the facilitator/s'),
(8, 8, 'The facilitator/s conducts activity in a moderate pace so that all participants are able to follow and he/she goes back to topics when nedded.', 'About the facilitator/s'),
(9, 9, 'The facilitator/s used appropriate methods to conduct the activities- performs fun, practical and relevant activities to ensure participants are engaged at all times.', 'About the facilitator/s'),
(10, 10, 'The facilitator/s explanations were clear and easy to understand.', 'About the facilitator/s'),
(11, 11, 'The facilitator/s is/are and ensures that all participants are able to follow the sessions.', 'About the facilitator/s'),
(12, 12, 'The facilitator/s is/are able to professionally deal with unforeseen challenges during facilitation at all times.', 'About the facilitator/s'),
(13, 13, 'The quality of food served is acceptable. (taste is good, cooked just right and fresh)', 'About the food and venue'),
(14, 14, 'The food servings/portions are sufficient.', 'About the food and venue'),
(15, 15, 'The food arrived before the allotted break time.', 'About the food and venue'),
(16, 16, 'The table wares (fork, spoon, plates, etc.) and/or food boxes (for packed meals) are in good condition.', 'About the food and venue'),
(17, 17, 'The food servers are well groomed and courteous.', 'About the food and venue'),
(18, 18, 'The venue is conductive to learning - clean, with sufficient space, lighting and ventilation and has other amenities such as a pantry or rest rooms to address the participants\' personal needs.', 'About the food and venue'),
(19, 19, 'Save the Children Staff monitors our training class in a regular basis', 'About Save The Children Staff Support'),
(20, 20, 'Save the Children Staff is approachable and always ready to listen to our feedback regarding the activity and other concerns.', 'About Save The Children Staff Support');

-- --------------------------------------------------------

--
-- Table structure for table `assessment_response`
--

CREATE TABLE `assessment_response` (
  `id` int(11) NOT NULL,
  `participant_id` int(11) NOT NULL,
  `assessment_number` int(11) NOT NULL,
  `response` varchar(10) NOT NULL,
  `comment` varchar(255) DEFAULT NULL,
  `category` varchar(100) NOT NULL
) ENGINE=InnoDB DEFAULT CHARSET=utf8mb4;

--
-- Dumping data for table `assessment_response`
--

INSERT INTO `assessment_response` (`id`, `participant_id`, `assessment_number`, `response`, `comment`, `category`) VALUES
(602, 48, 1, '3', 'yes', 'About the topic/s'),
(603, 48, 2, '3', 'yes', 'About the topic/s'),
(604, 48, 3, '3', 'yes', 'About the topic/s'),
(605, 48, 4, '3', 'yes', 'About the materials'),
(606, 48, 5, '3', 'yes', 'About the materials'),
(607, 48, 6, '3', 'yes', 'About the facilitator/s'),
(608, 48, 7, '3', 'yes', 'About the facilitator/s'),
(609, 48, 8, '3', 'yes', 'About the facilitator/s'),
(610, 48, 9, '3', 'yes', 'About the facilitator/s'),
(611, 48, 10, '3', 'yes', 'About the facilitator/s'),
(612, 48, 11, '3', 'yes', 'About the facilitator/s'),
(613, 48, 12, '3', 'yes', 'About the facilitator/s'),
(614, 48, 13, '3', 'yes', 'About the food and venue'),
(615, 48, 14, '3', 'yes', 'About the food and venue'),
(616, 48, 15, '3', 'yes', 'About the food and venue'),
(617, 48, 16, '3', 'yes', 'About the food and venue'),
(618, 48, 17, '3', 'yes', 'About the food and venue'),
(619, 48, 18, '3', 'yes', 'About the food and venue'),
(620, 48, 19, '3', 'yes', 'About Save The Children Staff Support'),
(621, 48, 20, '3', 'yes', 'About Save The Children Staff Support'),
(642, 50, 1, '2', 'opo', 'About the topic/s'),
(643, 50, 2, '1', 'opo', 'About the topic/s'),
(644, 50, 3, '3', 'opo', 'About the topic/s'),
(645, 50, 4, '3', 'opo', 'About the materials'),
(646, 50, 5, '1', 'opo', 'About the materials'),
(647, 50, 6, '2', 'opo', 'About the facilitator/s'),
(648, 50, 7, '3', 'opo', 'About the facilitator/s'),
(649, 50, 8, '2', 'opo', 'About the facilitator/s'),
(650, 50, 9, '1', 'opo', 'About the facilitator/s'),
(651, 50, 10, '3', 'opo', 'About the facilitator/s'),
(652, 50, 11, '1', 'opo', 'About the facilitator/s'),
(653, 50, 12, '2', 'opo', 'About the facilitator/s'),
(654, 50, 13, '3', 'opo', 'About the food and venue'),
(655, 50, 14, '2', 'opo', 'About the food and venue'),
(656, 50, 15, '2', 'opo', 'About the food and venue'),
(657, 50, 16, '3', 'opo', 'About the food and venue'),
(658, 50, 17, '2', 'opo', 'About the food and venue'),
(659, 50, 18, '3', 'opo', 'About the food and venue'),
(660, 50, 19, '3', 'opo', 'About Save The Children Staff Support'),
(661, 50, 20, '0', 'opo', 'About Save The Children Staff Support'),
(662, 51, 1, '3', 'akjdkjadjkakldjkla', 'About the topic/s'),
(663, 51, 2, '2', 'alkdkakdooaidiiajd', 'About the topic/s'),
(664, 51, 3, '2', 'mnajdjasdhajh', 'About the topic/s'),
(665, 51, 4, '3', NULL, 'About the materials'),
(666, 51, 5, '2', NULL, 'About the materials'),
(667, 51, 6, '2', NULL, 'About the facilitator/s'),
(668, 51, 7, '3', NULL, 'About the facilitator/s'),
(669, 51, 8, '2', NULL, 'About the facilitator/s'),
(670, 51, 9, '3', NULL, 'About the facilitator/s'),
(671, 51, 10, '2', NULL, 'About the facilitator/s'),
(672, 51, 11, '3', NULL, 'About the facilitator/s'),
(673, 51, 12, '2', NULL, 'About the facilitator/s'),
(674, 51, 13, '3', NULL, 'About the food and venue'),
(675, 51, 14, '2', NULL, 'About the food and venue'),
(676, 51, 15, '3', NULL, 'About the food and venue'),
(677, 51, 16, '2', NULL, 'About the food and venue'),
(678, 51, 17, '3', NULL, 'About the food and venue'),
(679, 51, 18, '2', NULL, 'About the food and venue'),
(680, 51, 19, '3', NULL, 'About Save The Children Staff Support'),
(681, 51, 20, '2', NULL, 'About Save The Children Staff Support'),
(682, 52, 1, '0', NULL, 'About the topic/s'),
(683, 52, 2, '1', NULL, 'About the topic/s'),
(684, 52, 3, '0', NULL, 'About the topic/s'),
(685, 52, 4, '1', NULL, 'About the materials'),
(686, 52, 5, '0', NULL, 'About the materials'),
(687, 52, 6, '0', NULL, 'About the facilitator/s'),
(688, 52, 7, '1', NULL, 'About the facilitator/s'),
(689, 52, 8, '0', NULL, 'About the facilitator/s'),
(690, 52, 9, '1', NULL, 'About the facilitator/s'),
(691, 52, 10, '0', NULL, 'About the facilitator/s'),
(692, 52, 11, '1', NULL, 'About the facilitator/s'),
(693, 52, 12, '0', NULL, 'About the facilitator/s'),
(694, 52, 13, '1', NULL, 'About the food and venue'),
(695, 52, 14, '0', NULL, 'About the food and venue'),
(696, 52, 15, '1', NULL, 'About the food and venue'),
(697, 52, 16, '0', NULL, 'About the food and venue'),
(698, 52, 17, '1', NULL, 'About the food and venue'),
(699, 52, 18, '0', NULL, 'About the food and venue'),
(700, 52, 19, '1', NULL, 'About Save The Children Staff Support'),
(701, 52, 20, '0', NULL, 'About Save The Children Staff Support'),
(702, 53, 1, '3', 'opo', 'About the topic/s'),
(703, 53, 2, '2', 'opo', 'About the topic/s'),
(704, 53, 3, '3', 'yes po', 'About the topic/s'),
(705, 53, 4, '3', 'opo', 'About the materials'),
(706, 53, 5, '2', 'yes po', 'About the materials'),
(707, 53, 6, '3', 'po', 'About the facilitator/s'),
(708, 53, 7, '3', 'opo', 'About the facilitator/s'),
(709, 53, 8, '3', NULL, 'About the facilitator/s'),
(710, 53, 9, '2', NULL, 'About the facilitator/s'),
(711, 53, 10, '3', NULL, 'About the facilitator/s'),
(712, 53, 11, '2', NULL, 'About the facilitator/s'),
(713, 53, 12, '3', NULL, 'About the facilitator/s'),
(714, 53, 13, '2', NULL, 'About the food and venue'),
(715, 53, 14, '3', NULL, 'About the food and venue'),
(716, 53, 15, '2', NULL, 'About the food and venue'),
(717, 53, 16, '3', NULL, 'About the food and venue'),
(718, 53, 17, '2', NULL, 'About the food and venue'),
(719, 53, 18, '3', NULL, 'About the food and venue'),
(720, 53, 19, '2', NULL, 'About Save The Children Staff Support'),
(721, 53, 20, '3', NULL, 'About Save The Children Staff Support'),
(722, 60, 1, '0', NULL, 'About the topic/s'),
(723, 60, 2, '0', NULL, 'About the topic/s'),
(724, 60, 3, '0', NULL, 'About the topic/s'),
(725, 60, 4, '1', NULL, 'About the materials'),
(726, 60, 5, '2', NULL, 'About the materials'),
(727, 60, 6, '1', NULL, 'About the facilitator/s'),
(728, 60, 7, '2', NULL, 'About the facilitator/s'),
(729, 60, 8, '1', NULL, 'About the facilitator/s'),
(730, 60, 9, '3', NULL, 'About the facilitator/s'),
(731, 60, 10, '3', NULL, 'About the facilitator/s'),
(732, 60, 11, '3', NULL, 'About the facilitator/s'),
(733, 60, 12, '3', NULL, 'About the facilitator/s'),
(734, 60, 13, '3', NULL, 'About the food and venue'),
(735, 60, 14, '3', NULL, 'About the food and venue'),
(736, 60, 15, '3', NULL, 'About the food and venue'),
(737, 60, 16, '3', NULL, 'About the food and venue'),
(738, 60, 17, '3', NULL, 'About the food and venue'),
(739, 60, 18, '3', NULL, 'About the food and venue'),
(740, 60, 19, '3', NULL, 'About Save The Children Staff Support'),
(741, 60, 20, '3', NULL, 'About Save The Children Staff Support'),
(842, 69, 1, '3', NULL, 'About the topic/s'),
(843, 69, 2, '3', NULL, 'About the topic/s'),
(844, 69, 3, '3', NULL, 'About the topic/s'),
(845, 69, 4, '3', NULL, 'About the materials'),
(846, 69, 5, '3', NULL, 'About the materials'),
(847, 69, 6, '3', NULL, 'About the facilitator/s'),
(848, 69, 7, '3', NULL, 'About the facilitator/s'),
(849, 69, 8, '3', NULL, 'About the facilitator/s'),
(850, 69, 9, '3', NULL, 'About the facilitator/s'),
(851, 69, 10, '3', NULL, 'About the facilitator/s'),
(852, 69, 11, '3', NULL, 'About the facilitator/s'),
(853, 69, 12, '3', NULL, 'About the facilitator/s'),
(854, 69, 13, '3', NULL, 'About the food and venue'),
(855, 69, 14, '3', NULL, 'About the food and venue'),
(856, 69, 15, '3', NULL, 'About the food and venue'),
(857, 69, 16, '3', NULL, 'About the food and venue'),
(858, 69, 17, '3', NULL, 'About the food and venue'),
(859, 69, 18, '3', NULL, 'About the food and venue'),
(860, 69, 19, '3', NULL, 'About Save The Children Staff Support'),
(861, 69, 20, '3', NULL, 'About Save The Children Staff Support'),
(862, 70, 1, '3', NULL, 'About the topic/s'),
(863, 70, 2, '3', NULL, 'About the topic/s'),
(864, 70, 3, '3', NULL, 'About the topic/s'),
(865, 70, 4, '3', NULL, 'About the materials'),
(866, 70, 5, '3', NULL, 'About the materials'),
(867, 70, 6, '3', NULL, 'About the facilitator/s'),
(868, 70, 7, '3', NULL, 'About the facilitator/s'),
(869, 70, 8, '3', NULL, 'About the facilitator/s'),
(870, 70, 9, '3', NULL, 'About the facilitator/s'),
(871, 70, 10, '3', NULL, 'About the facilitator/s'),
(872, 70, 11, '3', NULL, 'About the facilitator/s'),
(873, 70, 12, '3', NULL, 'About the facilitator/s'),
(874, 70, 13, '3', NULL, 'About the food and venue'),
(875, 70, 14, '3', NULL, 'About the food and venue'),
(876, 70, 15, '3', NULL, 'About the food and venue'),
(877, 70, 16, '3', NULL, 'About the food and venue'),
(878, 70, 17, '3', NULL, 'About the food and venue'),
(879, 70, 18, '3', NULL, 'About the food and venue'),
(880, 70, 19, '3', NULL, 'About Save The Children Staff Support'),
(881, 70, 20, '3', NULL, 'About Save The Children Staff Support'),
(882, 71, 1, '3', NULL, 'About the topic/s'),
(883, 71, 2, '3', NULL, 'About the topic/s'),
(884, 71, 3, '3', NULL, 'About the topic/s'),
(885, 71, 4, '0', NULL, 'About the materials'),
(886, 71, 5, '0', NULL, 'About the materials'),
(887, 71, 6, '3', NULL, 'About the facilitator/s'),
(888, 71, 7, '3', NULL, 'About the facilitator/s'),
(889, 71, 8, '3', NULL, 'About the facilitator/s'),
(890, 71, 9, '3', NULL, 'About the facilitator/s'),
(891, 71, 10, '3', NULL, 'About the facilitator/s'),
(892, 71, 11, '3', NULL, 'About the facilitator/s'),
(893, 71, 12, '0', NULL, 'About the facilitator/s'),
(894, 71, 13, '3', NULL, 'About the food and venue'),
(895, 71, 14, '3', NULL, 'About the food and venue'),
(896, 71, 15, '3', NULL, 'About the food and venue'),
(897, 71, 16, '3', NULL, 'About the food and venue'),
(898, 71, 17, '3', NULL, 'About the food and venue'),
(899, 71, 18, '3', NULL, 'About the food and venue'),
(900, 71, 19, '3', NULL, 'About Save The Children Staff Support'),
(901, 71, 20, '3', NULL, 'About Save The Children Staff Support'),
(902, 72, 1, '3', NULL, 'About the topic/s'),
(903, 72, 2, '3', NULL, 'About the topic/s'),
(904, 72, 3, '3', NULL, 'About the topic/s'),
(905, 72, 4, '3', NULL, 'About the materials'),
(906, 72, 5, '3', NULL, 'About the materials'),
(907, 72, 6, '3', NULL, 'About the facilitator/s'),
(908, 72, 7, '3', NULL, 'About the facilitator/s'),
(909, 72, 8, '3', NULL, 'About the facilitator/s'),
(910, 72, 9, '3', NULL, 'About the facilitator/s'),
(911, 72, 10, '3', NULL, 'About the facilitator/s'),
(912, 72, 11, '3', NULL, 'About the facilitator/s'),
(913, 72, 12, '3', NULL, 'About the facilitator/s'),
(914, 72, 13, '3', NULL, 'About the food and venue'),
(915, 72, 14, '3', NULL, 'About the food and venue'),
(916, 72, 15, '3', NULL, 'About the food and venue'),
(917, 72, 16, '3', NULL, 'About the food and venue'),
(918, 72, 17, '3', NULL, 'About the food and venue'),
(919, 72, 18, '3', NULL, 'About the food and venue'),
(920, 72, 19, '3', NULL, 'About Save The Children Staff Support'),
(921, 72, 20, '3', NULL, 'About Save The Children Staff Support'),
(922, 73, 1, '3', NULL, 'About the topic/s'),
(923, 73, 2, '3', NULL, 'About the topic/s'),
(924, 73, 3, '3', NULL, 'About the topic/s'),
(925, 73, 4, '3', NULL, 'About the materials'),
(926, 73, 5, '3', NULL, 'About the materials'),
(927, 73, 6, '3', NULL, 'About the facilitator/s'),
(928, 73, 7, '3', NULL, 'About the facilitator/s'),
(929, 73, 8, '3', NULL, 'About the facilitator/s'),
(930, 73, 9, '3', NULL, 'About the facilitator/s'),
(931, 73, 10, '3', NULL, 'About the facilitator/s'),
(932, 73, 11, '3', NULL, 'About the facilitator/s'),
(933, 73, 12, '3', NULL, 'About the facilitator/s'),
(934, 73, 13, '3', NULL, 'About the food and venue'),
(935, 73, 14, '3', NULL, 'About the food and venue'),
(936, 73, 15, '3', NULL, 'About the food and venue'),
(937, 73, 16, '3', NULL, 'About the food and venue'),
(938, 73, 17, '3', NULL, 'About the food and venue'),
(939, 73, 18, '3', NULL, 'About the food and venue'),
(940, 73, 19, '3', NULL, 'About Save The Children Staff Support'),
(941, 73, 20, '3', NULL, 'About Save The Children Staff Support'),
(942, 74, 1, '3', NULL, 'About the topic/s'),
(943, 74, 2, '3', NULL, 'About the topic/s'),
(944, 74, 3, '3', NULL, 'About the topic/s'),
(945, 74, 4, '3', NULL, 'About the materials'),
(946, 74, 5, '3', NULL, 'About the materials'),
(947, 74, 6, '3', NULL, 'About the facilitator/s'),
(948, 74, 7, '3', NULL, 'About the facilitator/s'),
(949, 74, 8, '3', NULL, 'About the facilitator/s'),
(950, 74, 9, '3', NULL, 'About the facilitator/s'),
(951, 74, 10, '3', NULL, 'About the facilitator/s'),
(952, 74, 11, '3', NULL, 'About the facilitator/s'),
(953, 74, 12, '3', NULL, 'About the facilitator/s'),
(954, 74, 13, '3', NULL, 'About the food and venue'),
(955, 74, 14, '3', NULL, 'About the food and venue'),
(956, 74, 15, '3', NULL, 'About the food and venue'),
(957, 74, 16, '3', NULL, 'About the food and venue'),
(958, 74, 17, '3', NULL, 'About the food and venue'),
(959, 74, 18, '3', NULL, 'About the food and venue'),
(960, 74, 19, '3', NULL, 'About Save The Children Staff Support'),
(961, 74, 20, '3', NULL, 'About Save The Children Staff Support'),
(962, 75, 1, '3', NULL, 'About the topic/s'),
(963, 75, 2, '3', NULL, 'About the topic/s'),
(964, 75, 3, '3', NULL, 'About the topic/s'),
(965, 75, 4, '3', NULL, 'About the materials'),
(966, 75, 5, '3', NULL, 'About the materials'),
(967, 75, 6, '3', NULL, 'About the facilitator/s'),
(968, 75, 7, '3', NULL, 'About the facilitator/s'),
(969, 75, 8, '3', NULL, 'About the facilitator/s'),
(970, 75, 9, '3', NULL, 'About the facilitator/s'),
(971, 75, 10, '3', NULL, 'About the facilitator/s'),
(972, 75, 11, '3', NULL, 'About the facilitator/s'),
(973, 75, 12, '3', NULL, 'About the facilitator/s'),
(974, 75, 13, '3', NULL, 'About the food and venue'),
(975, 75, 14, '3', NULL, 'About the food and venue'),
(976, 75, 15, '3', NULL, 'About the food and venue'),
(977, 75, 16, '3', NULL, 'About the food and venue'),
(978, 75, 17, '3', NULL, 'About the food and venue'),
(979, 75, 18, '3', NULL, 'About the food and venue'),
(980, 75, 19, '3', NULL, 'About Save The Children Staff Support'),
(981, 75, 20, '3', NULL, 'About Save The Children Staff Support'),
(982, 76, 1, '3', NULL, 'About the topic/s'),
(983, 76, 2, '3', NULL, 'About the topic/s'),
(984, 76, 3, '3', NULL, 'About the topic/s'),
(985, 76, 4, '3', NULL, 'About the materials'),
(986, 76, 5, '3', NULL, 'About the materials'),
(987, 76, 6, '3', NULL, 'About the facilitator/s'),
(988, 76, 7, '3', NULL, 'About the facilitator/s'),
(989, 76, 8, '3', NULL, 'About the facilitator/s'),
(990, 76, 9, '3', NULL, 'About the facilitator/s'),
(991, 76, 10, '3', NULL, 'About the facilitator/s'),
(992, 76, 11, '3', NULL, 'About the facilitator/s'),
(993, 76, 12, '3', NULL, 'About the facilitator/s'),
(994, 76, 13, '3', NULL, 'About the food and venue'),
(995, 76, 14, '3', NULL, 'About the food and venue'),
(996, 76, 15, '3', NULL, 'About the food and venue'),
(997, 76, 16, '3', NULL, 'About the food and venue'),
(998, 76, 17, '3', NULL, 'About the food and venue'),
(999, 76, 18, '3', NULL, 'About the food and venue'),
(1000, 76, 19, '3', NULL, 'About Save The Children Staff Support'),
(1001, 76, 20, '3', NULL, 'About Save The Children Staff Support'),
(1002, 78, 1, '3', NULL, 'About the topic/s'),
(1003, 78, 2, '2', NULL, 'About the topic/s'),
(1004, 78, 3, '3', NULL, 'About the topic/s'),
(1005, 78, 4, '3', NULL, 'About the materials'),
(1006, 78, 5, '3', NULL, 'About the materials'),
(1007, 78, 6, '3', NULL, 'About the facilitator/s'),
(1008, 78, 7, '3', NULL, 'About the facilitator/s'),
(1009, 78, 8, '3', NULL, 'About the facilitator/s'),
(1010, 78, 9, '3', NULL, 'About the facilitator/s'),
(1011, 78, 10, '3', NULL, 'About the facilitator/s'),
(1012, 78, 11, '3', NULL, 'About the facilitator/s'),
(1013, 78, 12, '3', NULL, 'About the facilitator/s'),
(1014, 78, 13, '3', NULL, 'About the food and venue'),
(1015, 78, 14, '3', NULL, 'About the food and venue'),
(1016, 78, 15, '3', NULL, 'About the food and venue'),
(1017, 78, 16, '3', NULL, 'About the food and venue'),
(1018, 78, 17, '3', NULL, 'About the food and venue'),
(1019, 78, 18, '3', NULL, 'About the food and venue'),
(1020, 78, 19, '3', NULL, 'About Save The Children Staff Support'),
(1021, 78, 20, '3', NULL, 'About Save The Children Staff Support'),
(1022, 79, 1, '3', NULL, 'About the topic/s'),
(1023, 79, 2, '3', NULL, 'About the topic/s'),
(1024, 79, 3, '3', NULL, 'About the topic/s'),
(1025, 79, 4, '3', NULL, 'About the materials'),
(1026, 79, 5, '3', NULL, 'About the materials'),
(1027, 79, 6, '3', NULL, 'About the facilitator/s'),
(1028, 79, 7, '3', NULL, 'About the facilitator/s'),
(1029, 79, 8, '3', NULL, 'About the facilitator/s'),
(1030, 79, 9, '3', NULL, 'About the facilitator/s'),
(1031, 79, 10, '3', NULL, 'About the facilitator/s'),
(1032, 79, 11, '3', NULL, 'About the facilitator/s'),
(1033, 79, 12, '3', NULL, 'About the facilitator/s'),
(1034, 79, 13, '2', NULL, 'About the food and venue'),
(1035, 79, 14, '3', NULL, 'About the food and venue'),
(1036, 79, 15, '3', NULL, 'About the food and venue'),
(1037, 79, 16, '3', NULL, 'About the food and venue'),
(1038, 79, 17, '3', NULL, 'About the food and venue'),
(1039, 79, 18, '3', NULL, 'About the food and venue'),
(1040, 79, 19, '3', NULL, 'About Save The Children Staff Support'),
(1041, 79, 20, '3', NULL, 'About Save The Children Staff Support'),
(1042, 80, 1, '3', NULL, 'About the topic/s'),
(1043, 80, 2, '3', NULL, 'About the topic/s'),
(1044, 80, 3, '3', NULL, 'About the topic/s'),
(1045, 80, 4, '3', NULL, 'About the materials'),
(1046, 80, 5, '3', NULL, 'About the materials'),
(1047, 80, 6, '3', NULL, 'About the facilitator/s'),
(1048, 80, 7, '3', NULL, 'About the facilitator/s'),
(1049, 80, 8, '3', NULL, 'About the facilitator/s'),
(1050, 80, 9, '3', NULL, 'About the facilitator/s'),
(1051, 80, 10, '3', NULL, 'About the facilitator/s'),
(1052, 80, 11, '3', NULL, 'About the facilitator/s'),
(1053, 80, 12, '2', NULL, 'About the facilitator/s'),
(1054, 80, 13, '2', NULL, 'About the food and venue'),
(1055, 80, 14, '2', NULL, 'About the food and venue'),
(1056, 80, 15, '3', NULL, 'About the food and venue'),
(1057, 80, 16, '3', NULL, 'About the food and venue'),
(1058, 80, 17, '3', NULL, 'About the food and venue'),
(1059, 80, 18, '3', NULL, 'About the food and venue'),
(1060, 80, 19, '3', NULL, 'About Save The Children Staff Support'),
(1061, 80, 20, '3', NULL, 'About Save The Children Staff Support'),
(1062, 81, 1, '3', NULL, 'About the topic/s'),
(1063, 81, 2, '3', NULL, 'About the topic/s'),
(1064, 81, 3, '3', NULL, 'About the topic/s'),
(1065, 81, 4, '3', NULL, 'About the materials'),
(1066, 81, 5, '3', NULL, 'About the materials'),
(1067, 81, 6, '3', NULL, 'About the facilitator/s'),
(1068, 81, 7, '3', NULL, 'About the facilitator/s'),
(1069, 81, 8, '3', NULL, 'About the facilitator/s'),
(1070, 81, 9, '3', NULL, 'About the facilitator/s'),
(1071, 81, 10, '3', NULL, 'About the facilitator/s'),
(1072, 81, 11, '3', NULL, 'About the facilitator/s'),
(1073, 82, 1, '3', NULL, 'About the topic/s'),
(1074, 82, 2, '3', NULL, 'About the topic/s'),
(1075, 82, 3, '3', NULL, 'About the topic/s'),
(1076, 82, 4, '3', NULL, 'About the materials'),
(1077, 82, 5, '3', NULL, 'About the materials'),
(1078, 82, 6, '3', NULL, 'About the facilitator/s'),
(1079, 82, 7, '3', NULL, 'About the facilitator/s'),
(1080, 82, 8, '3', NULL, 'About the facilitator/s'),
(1081, 82, 9, '3', NULL, 'About the facilitator/s'),
(1082, 82, 10, '3', NULL, 'About the facilitator/s'),
(1083, 82, 11, '3', NULL, 'About the facilitator/s'),
(1084, 82, 12, '3', NULL, 'About the facilitator/s'),
(1085, 82, 13, '3', NULL, 'About the food and venue'),
(1086, 82, 14, '3', NULL, 'About the food and venue'),
(1087, 82, 15, '3', NULL, 'About the food and venue'),
(1088, 82, 16, '3', NULL, 'About the food and venue'),
(1089, 82, 17, '3', NULL, 'About the food and venue'),
(1090, 82, 18, '3', NULL, 'About the food and venue'),
(1091, 82, 19, '3', NULL, 'About Save The Children Staff Support'),
(1092, 82, 20, '3', NULL, 'About Save The Children Staff Support'),
(1093, 83, 1, '3', NULL, 'About the topic/s'),
(1094, 83, 2, '3', NULL, 'About the topic/s'),
(1095, 83, 3, '3', NULL, 'About the topic/s'),
(1096, 83, 4, '3', NULL, 'About the materials'),
(1097, 83, 5, '3', NULL, 'About the materials'),
(1098, 83, 6, '3', NULL, 'About the facilitator/s'),
(1099, 83, 7, '3', NULL, 'About the facilitator/s'),
(1100, 83, 8, '3', NULL, 'About the facilitator/s'),
(1101, 83, 9, '3', NULL, 'About the facilitator/s'),
(1102, 83, 10, '3', NULL, 'About the facilitator/s'),
(1103, 83, 11, '3', NULL, 'About the facilitator/s'),
(1104, 83, 13, '3', NULL, 'About the food and venue'),
(1105, 83, 14, '3', NULL, 'About the food and venue'),
(1106, 83, 15, '3', NULL, 'About the food and venue'),
(1107, 83, 16, '3', NULL, 'About the food and venue'),
(1108, 83, 17, '3', NULL, 'About the food and venue'),
(1109, 83, 18, '3', NULL, 'About the food and venue'),
(1110, 83, 19, '3', NULL, 'About Save The Children Staff Support'),
(1111, 83, 20, '3', NULL, 'About Save The Children Staff Support'),
(1112, 84, 1, '3', NULL, 'About the topic/s'),
(1113, 84, 2, '3', NULL, 'About the topic/s'),
(1114, 84, 3, '3', NULL, 'About the topic/s'),
(1115, 84, 4, '0', NULL, 'About the materials'),
(1116, 84, 5, '0', NULL, 'About the materials'),
(1117, 84, 6, '3', NULL, 'About the facilitator/s'),
(1118, 84, 7, '3', NULL, 'About the facilitator/s'),
(1119, 84, 8, '3', NULL, 'About the facilitator/s'),
(1120, 84, 9, '3', NULL, 'About the facilitator/s'),
(1121, 84, 10, '3', NULL, 'About the facilitator/s'),
(1122, 84, 11, '3', NULL, 'About the facilitator/s'),
(1123, 84, 12, '3', NULL, 'About the facilitator/s'),
(1124, 84, 13, '3', NULL, 'About the food and venue'),
(1125, 84, 14, '3', NULL, 'About the food and venue'),
(1126, 84, 15, '3', NULL, 'About the food and venue'),
(1127, 84, 16, '3', NULL, 'About the food and venue'),
(1128, 84, 17, '3', NULL, 'About the food and venue'),
(1129, 84, 18, '3', NULL, 'About the food and venue'),
(1130, 84, 19, '3', NULL, 'About Save The Children Staff Support'),
(1131, 84, 20, '3', NULL, 'About Save The Children Staff Support'),
(1132, 85, 1, '3', NULL, 'About the topic/s'),
(1133, 85, 2, '3', NULL, 'About the topic/s'),
(1134, 85, 3, '3', NULL, 'About the topic/s'),
(1135, 85, 4, '3', NULL, 'About the materials'),
(1136, 85, 5, '3', NULL, 'About the materials'),
(1137, 85, 6, '3', NULL, 'About the facilitator/s'),
(1138, 85, 7, '3', NULL, 'About the facilitator/s'),
(1139, 85, 8, '3', NULL, 'About the facilitator/s'),
(1140, 85, 9, '3', NULL, 'About the facilitator/s'),
(1141, 85, 10, '3', NULL, 'About the facilitator/s'),
(1142, 85, 11, '3', NULL, 'About the facilitator/s'),
(1143, 85, 12, '3', NULL, 'About the facilitator/s'),
(1144, 85, 13, '3', NULL, 'About the food and venue'),
(1145, 85, 14, '3', NULL, 'About the food and venue'),
(1146, 85, 15, '3', NULL, 'About the food and venue'),
(1147, 85, 16, '3', NULL, 'About the food and venue'),
(1148, 85, 17, '3', NULL, 'About the food and venue'),
(1149, 85, 18, '3', NULL, 'About the food and venue'),
(1150, 85, 19, '3', NULL, 'About Save The Children Staff Support'),
(1151, 85, 20, '3', NULL, 'About Save The Children Staff Support'),
(1152, 86, 1, '3', NULL, 'About the topic/s'),
(1153, 86, 2, '3', NULL, 'About the topic/s'),
(1154, 86, 3, '3', NULL, 'About the topic/s'),
(1155, 86, 4, '3', NULL, 'About the materials'),
(1156, 86, 5, '3', NULL, 'About the materials'),
(1157, 86, 6, '3', NULL, 'About the facilitator/s'),
(1158, 86, 7, '3', NULL, 'About the facilitator/s'),
(1159, 86, 8, '3', NULL, 'About the facilitator/s'),
(1160, 86, 9, '3', NULL, 'About the facilitator/s'),
(1161, 86, 10, '3', NULL, 'About the facilitator/s'),
(1162, 86, 11, '3', NULL, 'About the facilitator/s'),
(1163, 86, 12, '3', NULL, 'About the facilitator/s'),
(1164, 86, 13, '3', NULL, 'About the food and venue'),
(1165, 86, 14, '3', NULL, 'About the food and venue'),
(1166, 86, 15, '3', NULL, 'About the food and venue'),
(1167, 86, 16, '3', NULL, 'About the food and venue'),
(1168, 86, 17, '3', NULL, 'About the food and venue'),
(1169, 86, 18, '3', NULL, 'About the food and venue'),
(1170, 86, 19, '3', NULL, 'About Save The Children Staff Support'),
(1171, 86, 20, '3', NULL, 'About Save The Children Staff Support'),
(1172, 87, 1, '3', NULL, 'About the topic/s'),
(1173, 87, 2, '3', NULL, 'About the topic/s'),
(1174, 87, 3, '3', NULL, 'About the topic/s'),
(1175, 87, 4, '3', NULL, 'About the materials'),
(1176, 87, 5, '3', NULL, 'About the materials'),
(1177, 87, 6, '3', NULL, 'About the facilitator/s'),
(1178, 87, 7, '3', NULL, 'About the facilitator/s'),
(1179, 87, 8, '3', NULL, 'About the facilitator/s'),
(1180, 87, 9, '3', NULL, 'About the facilitator/s'),
(1181, 87, 10, '3', NULL, 'About the facilitator/s'),
(1182, 87, 11, '3', NULL, 'About the facilitator/s'),
(1183, 87, 12, '2', NULL, 'About the facilitator/s'),
(1184, 87, 13, '3', NULL, 'About the food and venue'),
(1185, 87, 14, '3', NULL, 'About the food and venue'),
(1186, 87, 15, '3', NULL, 'About the food and venue'),
(1187, 87, 16, '3', NULL, 'About the food and venue'),
(1188, 87, 17, '3', NULL, 'About the food and venue'),
(1189, 87, 18, '3', NULL, 'About the food and venue'),
(1190, 87, 19, '3', NULL, 'About Save The Children Staff Support'),
(1191, 87, 20, '3', NULL, 'About Save The Children Staff Support'),
(1192, 88, 1, '3', NULL, 'About the topic/s'),
(1193, 88, 2, '3', NULL, 'About the topic/s'),
(1194, 88, 3, '3', NULL, 'About the topic/s'),
(1195, 88, 4, '3', NULL, 'About the materials'),
(1196, 88, 5, '2', 'Danay diri naatok an pentelpen', 'About the materials'),
(1197, 88, 6, '3', NULL, 'About the facilitator/s'),
(1198, 88, 7, '3', NULL, 'About the facilitator/s'),
(1199, 88, 8, '3', NULL, 'About the facilitator/s'),
(1200, 88, 9, '3', NULL, 'About the facilitator/s'),
(1201, 88, 10, '3', NULL, 'About the facilitator/s'),
(1202, 88, 11, '3', NULL, 'About the facilitator/s'),
(1203, 88, 12, '3', NULL, 'About the facilitator/s'),
(1204, 88, 13, '3', NULL, 'About the food and venue'),
(1205, 88, 14, '3', NULL, 'About the food and venue'),
(1206, 88, 15, '3', NULL, 'About the food and venue'),
(1207, 88, 16, '3', NULL, 'About the food and venue'),
(1208, 88, 17, '3', NULL, 'About the food and venue'),
(1209, 88, 18, '3', NULL, 'About the food and venue'),
(1210, 88, 19, '3', NULL, 'About Save The Children Staff Support'),
(1211, 88, 20, '3', NULL, 'About Save The Children Staff Support'),
(1212, 89, 1, '3', NULL, 'About the topic/s'),
(1213, 89, 2, '3', NULL, 'About the topic/s'),
(1214, 89, 3, '3', NULL, 'About the topic/s'),
(1215, 89, 4, '3', NULL, 'About the materials'),
(1216, 89, 5, '3', NULL, 'About the materials'),
(1217, 89, 6, '3', NULL, 'About the facilitator/s'),
(1218, 89, 7, '3', NULL, 'About the facilitator/s'),
(1219, 89, 8, '3', NULL, 'About the facilitator/s'),
(1220, 89, 9, '3', NULL, 'About the facilitator/s'),
(1221, 89, 10, '3', NULL, 'About the facilitator/s'),
(1222, 89, 11, '3', NULL, 'About the facilitator/s'),
(1223, 89, 12, '3', NULL, 'About the facilitator/s'),
(1224, 89, 13, '3', NULL, 'About the food and venue'),
(1225, 89, 14, '3', NULL, 'About the food and venue'),
(1226, 89, 15, '3', NULL, 'About the food and venue'),
(1227, 89, 16, '3', NULL, 'About the food and venue'),
(1228, 89, 17, '3', NULL, 'About the food and venue'),
(1229, 89, 18, '3', NULL, 'About the food and venue'),
(1230, 89, 19, '3', NULL, 'About Save The Children Staff Support'),
(1231, 89, 20, '3', NULL, 'About Save The Children Staff Support'),
(1232, 90, 1, '3', NULL, 'About the topic/s'),
(1233, 90, 2, '3', NULL, 'About the topic/s'),
(1234, 90, 3, '3', NULL, 'About the topic/s'),
(1235, 90, 4, '3', NULL, 'About the materials'),
(1236, 90, 5, '3', NULL, 'About the materials'),
(1237, 90, 6, '3', NULL, 'About the facilitator/s'),
(1238, 90, 7, '3', NULL, 'About the facilitator/s'),
(1239, 90, 8, '3', NULL, 'About the facilitator/s'),
(1240, 90, 9, '3', NULL, 'About the facilitator/s'),
(1241, 90, 10, '3', NULL, 'About the facilitator/s'),
(1242, 90, 11, '3', NULL, 'About the facilitator/s'),
(1243, 90, 12, '3', NULL, 'About the facilitator/s'),
(1244, 90, 13, '3', NULL, 'About the food and venue'),
(1245, 90, 14, '3', NULL, 'About the food and venue'),
(1246, 90, 15, '3', NULL, 'About the food and venue'),
(1247, 90, 16, '2', NULL, 'About the food and venue'),
(1248, 90, 17, '3', NULL, 'About the food and venue'),
(1249, 90, 18, '3', NULL, 'About the food and venue'),
(1250, 90, 19, '3', NULL, 'About Save The Children Staff Support'),
(1251, 90, 20, '3', NULL, 'About Save The Children Staff Support'),
(1252, 91, 1, '3', NULL, 'About the topic/s'),
(1253, 91, 2, '3', NULL, 'About the topic/s'),
(1254, 91, 3, '3', NULL, 'About the topic/s'),
(1255, 91, 4, '3', NULL, 'About the materials'),
(1256, 91, 5, '3', NULL, 'About the materials'),
(1257, 91, 6, '3', NULL, 'About the facilitator/s'),
(1258, 91, 7, '3', NULL, 'About the facilitator/s'),
(1259, 91, 8, '3', NULL, 'About the facilitator/s'),
(1260, 91, 9, '3', NULL, 'About the facilitator/s'),
(1261, 91, 10, '3', NULL, 'About the facilitator/s'),
(1262, 91, 11, '3', NULL, 'About the facilitator/s'),
(1263, 91, 12, '2', NULL, 'About the facilitator/s'),
(1264, 91, 13, '3', NULL, 'About the food and venue'),
(1265, 91, 14, '3', NULL, 'About the food and venue'),
(1266, 91, 15, '3', NULL, 'About the food and venue'),
(1267, 91, 16, '3', NULL, 'About the food and venue'),
(1268, 91, 17, '3', NULL, 'About the food and venue'),
(1269, 91, 18, '3', NULL, 'About the food and venue'),
(1270, 91, 19, '3', NULL, 'About Save The Children Staff Support'),
(1271, 91, 20, '3', NULL, 'About Save The Children Staff Support'),
(1272, 92, 1, '3', NULL, 'About the topic/s'),
(1273, 92, 2, '3', NULL, 'About the topic/s'),
(1274, 92, 3, '3', NULL, 'About the topic/s'),
(1275, 92, 4, '3', NULL, 'About the materials'),
(1276, 92, 5, '3', NULL, 'About the materials'),
(1277, 92, 6, '3', NULL, 'About the facilitator/s'),
(1278, 92, 7, '3', NULL, 'About the facilitator/s'),
(1279, 92, 8, '3', NULL, 'About the facilitator/s'),
(1280, 92, 9, '3', NULL, 'About the facilitator/s'),
(1281, 92, 10, '3', NULL, 'About the facilitator/s'),
(1282, 92, 11, '3', NULL, 'About the facilitator/s'),
(1283, 92, 12, '2', NULL, 'About the facilitator/s'),
(1284, 92, 13, '3', NULL, 'About the food and venue'),
(1285, 92, 14, '3', NULL, 'About the food and venue'),
(1286, 92, 15, '3', NULL, 'About the food and venue'),
(1287, 92, 16, '3', NULL, 'About the food and venue'),
(1288, 92, 17, '3', NULL, 'About the food and venue'),
(1289, 92, 18, '3', NULL, 'About the food and venue'),
(1290, 92, 19, '3', NULL, 'About Save The Children Staff Support'),
(1291, 92, 20, '3', NULL, 'About Save The Children Staff Support'),
(1292, 93, 1, '3', NULL, 'About the topic/s'),
(1293, 93, 2, '3', NULL, 'About the topic/s'),
(1294, 93, 3, '3', NULL, 'About the topic/s'),
(1295, 93, 4, '3', NULL, 'About the materials'),
(1296, 93, 5, '3', NULL, 'About the materials'),
(1297, 93, 6, '3', NULL, 'About the facilitator/s'),
(1298, 93, 7, '3', NULL, 'About the facilitator/s'),
(1299, 93, 8, '3', NULL, 'About the facilitator/s'),
(1300, 93, 9, '3', NULL, 'About the facilitator/s'),
(1301, 93, 10, '3', NULL, 'About the facilitator/s'),
(1302, 93, 11, '3', NULL, 'About the facilitator/s'),
(1303, 93, 12, '3', NULL, 'About the facilitator/s'),
(1304, 93, 13, '3', NULL, 'About the food and venue'),
(1305, 93, 14, '3', NULL, 'About the food and venue'),
(1306, 93, 15, '3', NULL, 'About the food and venue'),
(1307, 93, 16, '3', NULL, 'About the food and venue'),
(1308, 93, 17, '3', NULL, 'About the food and venue'),
(1309, 93, 18, '3', NULL, 'About the food and venue'),
(1310, 93, 19, '3', NULL, 'About Save The Children Staff Support'),
(1311, 93, 20, '3', NULL, 'About Save The Children Staff Support'),
(1312, 94, 1, '3', NULL, 'About the topic/s'),
(1313, 94, 2, '3', NULL, 'About the topic/s'),
(1314, 94, 3, '3', NULL, 'About the topic/s'),
(1315, 94, 4, '3', NULL, 'About the materials'),
(1316, 94, 5, '3', NULL, 'About the materials'),
(1317, 94, 6, '3', NULL, 'About the facilitator/s'),
(1318, 94, 7, '3', NULL, 'About the facilitator/s'),
(1319, 94, 8, '3', NULL, 'About the facilitator/s'),
(1320, 94, 9, '3', NULL, 'About the facilitator/s'),
(1321, 94, 10, '3', NULL, 'About the facilitator/s'),
(1322, 94, 11, '3', NULL, 'About the facilitator/s'),
(1323, 94, 12, '3', NULL, 'About the facilitator/s'),
(1324, 94, 13, '2', NULL, 'About the food and venue'),
(1325, 94, 14, '3', NULL, 'About the food and venue'),
(1326, 94, 15, '2', NULL, 'About the food and venue'),
(1327, 94, 16, '3', NULL, 'About the food and venue'),
(1328, 94, 17, '3', NULL, 'About the food and venue'),
(1329, 94, 18, '3', NULL, 'About the food and venue'),
(1330, 94, 19, '3', NULL, 'About Save The Children Staff Support'),
(1331, 94, 20, '3', NULL, 'About Save The Children Staff Support'),
(1332, 96, 1, '3', NULL, 'About the topic/s'),
(1333, 96, 2, '3', NULL, 'About the topic/s'),
(1334, 96, 3, '3', NULL, 'About the topic/s'),
(1335, 96, 4, '3', NULL, 'About the materials'),
(1336, 96, 5, '3', NULL, 'About the materials'),
(1337, 96, 6, '3', NULL, 'About the facilitator/s'),
(1338, 96, 7, '3', NULL, 'About the facilitator/s'),
(1339, 96, 8, '3', NULL, 'About the facilitator/s'),
(1340, 96, 9, '3', NULL, 'About the facilitator/s'),
(1341, 96, 10, '3', NULL, 'About the facilitator/s'),
(1342, 96, 11, '3', NULL, 'About the facilitator/s'),
(1343, 96, 12, '3', NULL, 'About the facilitator/s'),
(1344, 96, 13, '3', NULL, 'About the food and venue'),
(1345, 96, 14, '3', NULL, 'About the food and venue'),
(1346, 96, 15, '3', NULL, 'About the food and venue'),
(1347, 96, 16, '3', NULL, 'About the food and venue'),
(1348, 96, 17, '3', NULL, 'About the food and venue'),
(1349, 96, 18, '3', NULL, 'About the food and venue'),
(1350, 96, 19, '3', NULL, 'About Save The Children Staff Support'),
(1351, 96, 20, '3', NULL, 'About Save The Children Staff Support'),
(1352, 95, 1, '3', NULL, 'About the topic/s'),
(1353, 95, 2, '3', NULL, 'About the topic/s'),
(1354, 95, 3, '3', NULL, 'About the topic/s'),
(1355, 95, 4, '3', NULL, 'About the materials'),
(1356, 95, 5, '3', NULL, 'About the materials'),
(1357, 95, 6, '3', NULL, 'About the facilitator/s'),
(1358, 95, 7, '3', NULL, 'About the facilitator/s'),
(1359, 95, 8, '3', NULL, 'About the facilitator/s'),
(1360, 95, 9, '3', NULL, 'About the facilitator/s'),
(1361, 95, 10, '3', NULL, 'About the facilitator/s'),
(1362, 95, 11, '3', NULL, 'About the facilitator/s'),
(1363, 95, 12, '3', NULL, 'About the facilitator/s'),
(1364, 95, 13, '3', NULL, 'About the food and venue'),
(1365, 95, 14, '3', NULL, 'About the food and venue'),
(1366, 95, 15, '3', NULL, 'About the food and venue'),
(1367, 95, 16, '3', NULL, 'About the food and venue'),
(1368, 95, 17, '3', NULL, 'About the food and venue'),
(1369, 95, 18, '3', NULL, 'About the food and venue'),
(1370, 95, 19, '3', NULL, 'About Save The Children Staff Support'),
(1371, 95, 20, '3', NULL, 'About Save The Children Staff Support'),
(1372, 97, 1, '3', NULL, 'About the topic/s'),
(1373, 97, 2, '3', NULL, 'About the topic/s'),
(1374, 97, 3, '3', NULL, 'About the topic/s'),
(1375, 97, 4, '3', NULL, 'About the materials'),
(1376, 97, 5, '3', NULL, 'About the materials'),
(1377, 97, 6, '3', NULL, 'About the facilitator/s'),
(1378, 97, 7, '3', NULL, 'About the facilitator/s'),
(1379, 97, 8, '3', NULL, 'About the facilitator/s'),
(1380, 97, 9, '3', NULL, 'About the facilitator/s'),
(1381, 97, 10, '3', NULL, 'About the facilitator/s'),
(1382, 97, 11, '3', NULL, 'About the facilitator/s'),
(1383, 97, 12, '3', NULL, 'About the facilitator/s'),
(1384, 97, 13, '3', NULL, 'About the food and venue'),
(1385, 97, 14, '3', NULL, 'About the food and venue'),
(1386, 97, 15, '3', NULL, 'About the food and venue'),
(1387, 97, 16, '3', NULL, 'About the food and venue'),
(1388, 97, 17, '3', NULL, 'About the food and venue'),
(1389, 97, 18, '3', NULL, 'About the food and venue'),
(1390, 97, 19, '3', NULL, 'About Save The Children Staff Support'),
(1391, 97, 20, '3', NULL, 'About Save The Children Staff Support'),
(1392, 98, 1, '3', NULL, 'About the topic/s'),
(1393, 98, 2, '3', NULL, 'About the topic/s'),
(1394, 98, 3, '3', NULL, 'About the topic/s'),
(1395, 98, 4, '3', NULL, 'About the materials'),
(1396, 98, 5, '3', NULL, 'About the materials'),
(1397, 98, 6, '3', NULL, 'About the facilitator/s'),
(1398, 98, 7, '3', NULL, 'About the facilitator/s'),
(1399, 98, 8, '3', NULL, 'About the facilitator/s'),
(1400, 98, 9, '3', NULL, 'About the facilitator/s'),
(1401, 98, 10, '3', NULL, 'About the facilitator/s'),
(1402, 98, 11, '3', NULL, 'About the facilitator/s'),
(1403, 98, 12, '3', NULL, 'About the facilitator/s'),
(1404, 98, 13, '3', NULL, 'About the food and venue'),
(1405, 98, 14, '3', NULL, 'About the food and venue'),
(1406, 98, 15, '3', NULL, 'About the food and venue'),
(1407, 98, 16, '3', NULL, 'About the food and venue'),
(1408, 98, 17, '3', NULL, 'About the food and venue'),
(1409, 98, 18, '3', NULL, 'About the food and venue'),
(1410, 98, 19, '3', NULL, 'About Save The Children Staff Support'),
(1411, 98, 20, '3', NULL, 'About Save The Children Staff Support'),
(1412, 100, 1, '3', NULL, 'About the topic/s'),
(1413, 100, 2, '3', NULL, 'About the topic/s'),
(1414, 100, 3, '3', NULL, 'About the topic/s'),
(1415, 100, 4, '3', NULL, 'About the materials'),
(1416, 100, 5, '3', NULL, 'About the materials'),
(1417, 100, 6, '3', NULL, 'About the facilitator/s'),
(1418, 100, 7, '3', NULL, 'About the facilitator/s'),
(1419, 100, 8, '3', NULL, 'About the facilitator/s'),
(1420, 100, 9, '3', NULL, 'About the facilitator/s'),
(1421, 100, 10, '3', NULL, 'About the facilitator/s'),
(1422, 100, 11, '3', NULL, 'About the facilitator/s'),
(1423, 100, 12, '3', NULL, 'About the facilitator/s'),
(1424, 100, 13, '3', NULL, 'About the food and venue'),
(1425, 100, 14, '3', NULL, 'About the food and venue'),
(1426, 100, 15, '3', NULL, 'About the food and venue'),
(1427, 100, 16, '3', NULL, 'About the food and venue'),
(1428, 100, 17, '3', NULL, 'About the food and venue'),
(1429, 100, 18, '3', NULL, 'About the food and venue'),
(1430, 100, 19, '3', NULL, 'About Save The Children Staff Support'),
(1431, 100, 20, '3', NULL, 'About Save The Children Staff Support'),
(1432, 101, 1, '3', NULL, 'About the topic/s'),
(1433, 101, 2, '3', NULL, 'About the topic/s'),
(1434, 101, 3, '3', NULL, 'About the topic/s'),
(1435, 101, 4, '3', NULL, 'About the materials'),
(1436, 101, 5, '3', NULL, 'About the materials'),
(1437, 101, 6, '3', NULL, 'About the facilitator/s'),
(1438, 101, 7, '3', NULL, 'About the facilitator/s'),
(1439, 101, 8, '3', NULL, 'About the facilitator/s'),
(1440, 101, 9, '3', NULL, 'About the facilitator/s'),
(1441, 101, 10, '3', NULL, 'About the facilitator/s'),
(1442, 101, 11, '3', NULL, 'About the facilitator/s'),
(1443, 101, 12, '3', NULL, 'About the facilitator/s'),
(1444, 101, 13, '3', NULL, 'About the food and venue'),
(1445, 101, 14, '3', NULL, 'About the food and venue'),
(1446, 101, 15, '3', NULL, 'About the food and venue'),
(1447, 101, 16, '3', NULL, 'About the food and venue'),
(1448, 101, 17, '3', NULL, 'About the food and venue'),
(1449, 101, 18, '3', NULL, 'About the food and venue'),
(1450, 101, 19, '3', NULL, 'About Save The Children Staff Support'),
(1451, 101, 20, '3', NULL, 'About Save The Children Staff Support'),
(1452, 99, 1, '3', NULL, 'About the topic/s'),
(1453, 99, 2, '3', NULL, 'About the topic/s'),
(1454, 99, 3, '3', NULL, 'About the topic/s'),
(1455, 99, 4, '3', NULL, 'About the materials'),
(1456, 99, 5, '3', NULL, 'About the materials'),
(1457, 99, 6, '3', NULL, 'About the facilitator/s'),
(1458, 99, 7, '3', NULL, 'About the facilitator/s'),
(1459, 99, 8, '3', NULL, 'About the facilitator/s'),
(1460, 99, 9, '3', NULL, 'About the facilitator/s'),
(1461, 99, 10, '3', NULL, 'About the facilitator/s'),
(1462, 99, 11, '3', NULL, 'About the facilitator/s'),
(1463, 99, 12, '3', NULL, 'About the facilitator/s'),
(1464, 99, 13, '3', NULL, 'About the food and venue'),
(1465, 99, 14, '3', NULL, 'About the food and venue'),
(1466, 99, 15, '3', NULL, 'About the food and venue'),
(1467, 99, 16, '3', NULL, 'About the food and venue'),
(1468, 99, 17, '3', NULL, 'About the food and venue'),
(1469, 99, 18, '3', NULL, 'About the food and venue'),
(1470, 99, 19, '3', NULL, 'About Save The Children Staff Support'),
(1471, 99, 20, '3', NULL, 'About Save The Children Staff Support'),
(1472, 103, 1, '3', NULL, 'About the topic/s'),
(1473, 103, 2, '3', NULL, 'About the topic/s'),
(1474, 103, 3, '3', NULL, 'About the topic/s'),
(1475, 103, 4, '3', NULL, 'About the materials'),
(1476, 103, 5, '3', NULL, 'About the materials'),
(1477, 103, 6, '3', NULL, 'About the facilitator/s'),
(1478, 103, 7, '3', NULL, 'About the facilitator/s'),
(1479, 103, 8, '3', NULL, 'About the facilitator/s'),
(1480, 103, 9, '3', NULL, 'About the facilitator/s'),
(1481, 103, 10, '3', NULL, 'About the facilitator/s'),
(1482, 103, 11, '3', NULL, 'About the facilitator/s'),
(1483, 103, 12, '3', NULL, 'About the facilitator/s'),
(1484, 103, 13, '3', NULL, 'About the food and venue'),
(1485, 103, 14, '3', NULL, 'About the food and venue'),
(1486, 103, 15, '3', NULL, 'About the food and venue'),
(1487, 103, 16, '3', NULL, 'About the food and venue'),
(1488, 103, 17, '3', NULL, 'About the food and venue'),
(1489, 103, 18, '3', NULL, 'About the food and venue'),
(1490, 103, 19, '3', NULL, 'About Save The Children Staff Support'),
(1491, 103, 20, '3', NULL, 'About Save The Children Staff Support'),
(1492, 102, 1, '3', NULL, 'About the topic/s'),
(1493, 102, 2, '3', NULL, 'About the topic/s'),
(1494, 102, 3, '3', NULL, 'About the topic/s'),
(1495, 102, 4, '3', NULL, 'About the materials'),
(1496, 102, 5, '3', NULL, 'About the materials'),
(1497, 102, 6, '3', NULL, 'About the facilitator/s'),
(1498, 102, 7, '3', NULL, 'About the facilitator/s'),
(1499, 102, 8, '3', NULL, 'About the facilitator/s'),
(1500, 102, 9, '3', NULL, 'About the facilitator/s'),
(1501, 102, 10, '3', NULL, 'About the facilitator/s'),
(1502, 102, 11, '3', NULL, 'About the facilitator/s'),
(1503, 102, 12, '3', NULL, 'About the facilitator/s'),
(1504, 102, 13, '2', NULL, 'About the food and venue'),
(1505, 102, 14, '3', NULL, 'About the food and venue'),
(1506, 102, 15, '3', NULL, 'About the food and venue'),
(1507, 102, 16, '3', NULL, 'About the food and venue'),
(1508, 102, 17, '3', NULL, 'About the food and venue'),
(1509, 102, 18, '3', NULL, 'About the food and venue'),
(1510, 102, 19, '3', NULL, 'About Save The Children Staff Support'),
(1511, 102, 20, '3', NULL, 'About Save The Children Staff Support'),
(1512, 104, 1, '3', NULL, 'About the topic/s'),
(1513, 104, 2, '3', NULL, 'About the topic/s'),
(1514, 104, 3, '3', NULL, 'About the topic/s'),
(1515, 104, 4, '3', NULL, 'About the materials'),
(1516, 104, 5, '3', NULL, 'About the materials'),
(1517, 104, 6, '3', NULL, 'About the facilitator/s'),
(1518, 104, 7, '3', NULL, 'About the facilitator/s'),
(1519, 104, 8, '3', NULL, 'About the facilitator/s'),
(1520, 104, 9, '3', NULL, 'About the facilitator/s'),
(1521, 104, 10, '3', NULL, 'About the facilitator/s'),
(1522, 104, 11, '3', NULL, 'About the facilitator/s'),
(1523, 104, 12, '3', NULL, 'About the facilitator/s'),
(1524, 104, 13, '3', NULL, 'About the food and venue'),
(1525, 104, 14, '3', NULL, 'About the food and venue'),
(1526, 104, 15, '3', NULL, 'About the food and venue'),
(1527, 104, 16, '3', NULL, 'About the food and venue'),
(1528, 104, 17, '3', NULL, 'About the food and venue'),
(1529, 104, 18, '3', NULL, 'About the food and venue'),
(1530, 104, 19, '3', NULL, 'About Save The Children Staff Support'),
(1531, 104, 20, '3', NULL, 'About Save The Children Staff Support'),
(1532, 106, 1, '3', NULL, 'About the topic/s'),
(1533, 106, 2, '3', NULL, 'About the topic/s'),
(1534, 106, 3, '3', NULL, 'About the topic/s'),
(1535, 106, 4, '3', NULL, 'About the materials'),
(1536, 106, 5, '3', NULL, 'About the materials'),
(1537, 106, 6, '3', NULL, 'About the facilitator/s'),
(1538, 106, 7, '3', NULL, 'About the facilitator/s'),
(1539, 106, 8, '3', NULL, 'About the facilitator/s'),
(1540, 106, 9, '3', NULL, 'About the facilitator/s'),
(1541, 106, 10, '3', NULL, 'About the facilitator/s'),
(1542, 106, 11, '3', NULL, 'About the facilitator/s'),
(1543, 106, 12, '3', NULL, 'About the facilitator/s'),
(1544, 106, 13, '3', NULL, 'About the food and venue'),
(1545, 106, 14, '3', NULL, 'About the food and venue'),
(1546, 106, 15, '3', NULL, 'About the food and venue'),
(1547, 106, 16, '3', NULL, 'About the food and venue'),
(1548, 106, 17, '3', NULL, 'About the food and venue'),
(1549, 106, 18, '3', NULL, 'About the food and venue'),
(1550, 106, 19, '3', NULL, 'About Save The Children Staff Support'),
(1551, 106, 20, '3', NULL, 'About Save The Children Staff Support'),
(1552, 105, 1, '3', NULL, 'About the topic/s'),
(1553, 105, 2, '3', NULL, 'About the topic/s'),
(1554, 105, 3, '3', NULL, 'About the topic/s'),
(1555, 105, 4, '3', NULL, 'About the materials'),
(1556, 105, 5, '3', NULL, 'About the materials'),
(1557, 105, 6, '3', NULL, 'About the facilitator/s'),
(1558, 105, 7, '3', NULL, 'About the facilitator/s'),
(1559, 105, 8, '3', NULL, 'About the facilitator/s'),
(1560, 105, 9, '3', NULL, 'About the facilitator/s'),
(1561, 105, 10, '3', NULL, 'About the facilitator/s'),
(1562, 105, 11, '3', NULL, 'About the facilitator/s'),
(1563, 105, 12, '3', NULL, 'About the facilitator/s'),
(1564, 105, 13, '3', NULL, 'About the food and venue'),
(1565, 105, 14, '3', NULL, 'About the food and venue'),
(1566, 105, 15, '3', NULL, 'About the food and venue'),
(1567, 105, 16, '3', NULL, 'About the food and venue'),
(1568, 105, 17, '3', NULL, 'About the food and venue'),
(1569, 105, 18, '3', NULL, 'About the food and venue'),
(1570, 105, 19, '3', NULL, 'About Save The Children Staff Support'),
(1571, 105, 20, '3', NULL, 'About Save The Children Staff Support'),
(1572, 107, 1, '3', NULL, 'About the topic/s'),
(1573, 107, 2, '3', NULL, 'About the topic/s'),
(1574, 107, 3, '3', NULL, 'About the topic/s'),
(1575, 107, 4, '3', NULL, 'About the materials'),
(1576, 107, 5, '3', NULL, 'About the materials'),
(1577, 107, 6, '3', NULL, 'About the facilitator/s'),
(1578, 107, 7, '3', NULL, 'About the facilitator/s'),
(1579, 107, 8, '3', NULL, 'About the facilitator/s'),
(1580, 107, 9, '3', NULL, 'About the facilitator/s'),
(1581, 107, 10, '3', NULL, 'About the facilitator/s'),
(1582, 107, 11, '3', NULL, 'About the facilitator/s'),
(1583, 107, 12, '3', NULL, 'About the facilitator/s'),
(1584, 107, 13, '3', NULL, 'About the food and venue'),
(1585, 107, 14, '3', NULL, 'About the food and venue'),
(1586, 107, 15, '3', NULL, 'About the food and venue'),
(1587, 107, 16, '3', NULL, 'About the food and venue'),
(1588, 107, 17, '3', NULL, 'About the food and venue'),
(1589, 107, 18, '3', NULL, 'About the food and venue'),
(1590, 107, 19, '3', NULL, 'About Save The Children Staff Support'),
(1591, 107, 20, '3', NULL, 'About Save The Children Staff Support'),
(1592, 108, 1, '3', NULL, 'About the topic/s'),
(1593, 108, 2, '3', NULL, 'About the topic/s'),
(1594, 108, 3, '3', NULL, 'About the topic/s'),
(1595, 108, 4, '3', NULL, 'About the materials'),
(1596, 108, 5, '3', NULL, 'About the materials'),
(1597, 108, 6, '3', NULL, 'About the facilitator/s'),
(1598, 108, 7, '3', NULL, 'About the facilitator/s'),
(1599, 108, 8, '3', NULL, 'About the facilitator/s'),
(1600, 108, 9, '3', NULL, 'About the facilitator/s'),
(1601, 108, 10, '3', NULL, 'About the facilitator/s'),
(1602, 108, 11, '3', NULL, 'About the facilitator/s'),
(1603, 108, 12, '3', NULL, 'About the facilitator/s'),
(1604, 108, 13, '3', NULL, 'About the food and venue'),
(1605, 108, 14, '3', NULL, 'About the food and venue'),
(1606, 108, 15, '3', NULL, 'About the food and venue'),
(1607, 108, 16, '3', NULL, 'About the food and venue'),
(1608, 108, 17, '3', NULL, 'About the food and venue'),
(1609, 108, 18, '3', NULL, 'About the food and venue'),
(1610, 108, 19, '3', NULL, 'About Save The Children Staff Support'),
(1611, 108, 20, '3', NULL, 'About Save The Children Staff Support'),
(1612, 109, 1, '3', NULL, 'About the topic/s'),
(1613, 109, 2, '3', NULL, 'About the topic/s'),
(1614, 109, 3, '3', NULL, 'About the topic/s'),
(1615, 109, 4, '3', NULL, 'About the materials'),
(1616, 109, 5, '3', NULL, 'About the materials'),
(1617, 109, 6, '3', NULL, 'About the facilitator/s'),
(1618, 109, 7, '3', NULL, 'About the facilitator/s'),
(1619, 109, 8, '3', NULL, 'About the facilitator/s'),
(1620, 109, 9, '3', NULL, 'About the facilitator/s'),
(1621, 109, 10, '3', NULL, 'About the facilitator/s'),
(1622, 109, 11, '3', NULL, 'About the facilitator/s'),
(1623, 109, 12, '3', NULL, 'About the facilitator/s'),
(1624, 109, 13, '3', NULL, 'About the food and venue'),
(1625, 109, 14, '3', NULL, 'About the food and venue'),
(1626, 109, 15, '3', NULL, 'About the food and venue'),
(1627, 109, 16, '3', NULL, 'About the food and venue'),
(1628, 109, 17, '3', NULL, 'About the food and venue'),
(1629, 109, 18, '3', NULL, 'About the food and venue'),
(1630, 109, 19, '3', NULL, 'About Save The Children Staff Support'),
(1631, 109, 20, '3', NULL, 'About Save The Children Staff Support');

-- --------------------------------------------------------

--
-- Table structure for table `comment_response`
--

CREATE TABLE `comment_response` (
  `id` int(11) NOT NULL,
  `participant_id` int(11) NOT NULL,
  `comment_response` varchar(200) NOT NULL,
  `additional_comment_id` int(11) DEFAULT NULL
) ENGINE=InnoDB DEFAULT CHARSET=utf8mb4;

--
-- Dumping data for table `comment_response`
--

INSERT INTO `comment_response` (`id`, `participant_id`, `comment_response`, `additional_comment_id`) VALUES
(36, 48, 'ano man', 1),
(37, 48, 'ano man', 2),
(38, 48, 'ano man', 3),
(39, 48, 'ano man', 4),
(40, 48, 'ano man', 5),
(41, 48, 'ano man', 6),
(42, 48, 'ano man', 7),
(50, 50, 'the topic that i find useful is', 1),
(51, 50, 'the topic that i find least useful is', 2),
(52, 50, 'asdfgj', 3),
(53, 50, 'asflkefl', 4),
(54, 50, 'adjakjdkj', 5),
(55, 50, 'adoadsoas', 6),
(56, 50, 'jaidjiasi', 7),
(57, 51, 'hmm', 1),
(58, 51, 'ano man', 2),
(59, 51, 'asdfgj', 3),
(60, 51, 'ano man', 4),
(61, 51, 'hmm', 5),
(62, 51, 'adoadsoas', 6),
(63, 51, 'ano man', 7),
(81, 70, 'All Topics ', 2),
(82, 70, 'What can we learn, kay gin talakay ang mga bagay na magagamit for the next project. Ilan? Sino? Ano? ', 3),
(83, 70, 'Plano, Limitado ang kapasidad, Sure an target, Nalaman natin ang mga kailangan lang talaga ', 4),
(84, 71, 'All topics contributed to the attainment of the objective of the activity ', 1),
(85, 71, 'All topics are useful and relevant ', 2),
(86, 71, 'All topics/ sessions ', 3),
(87, 71, 'child programming ', 5),
(88, 71, '8', 6),
(89, 72, 'All ', 1),
(90, 72, 'Lesson about han mga kapakyasan ', 2),
(91, 73, 'All topics are useful ', 1),
(92, 73, 'none ', 2),
(93, 73, '9 ', 6),
(94, 78, 'Salesfeed', 1),
(95, 78, '10 ', 6),
(96, 78, 'yes/ more training ', 7),
(97, 82, 'All', 1),
(98, 82, 'None', 2),
(99, 82, 'Workshop', 3),
(100, 82, 'Teamwork', 4),
(101, 82, '10', 6),
(102, 82, 'more additional parent face and trainings', 7),
(103, 83, 'lahat', 1),
(104, 83, 'lahat', 2),
(105, 84, 'All of the topics are useful for the next program/intervention of KDP', 1),
(106, 84, 'None ', 2),
(107, 84, 'All of the topic ', 3),
(108, 84, 'Success and Challenges', 4),
(109, 84, 'Use of adaptation of to the next project', 5),
(110, 84, '10', 6),
(111, 86, 'Successful ', 1),
(112, 88, 'The way they delivered every output of each group ', 3),
(113, 88, '8', 6),
(114, 88, 'If given enough time ', 7),
(115, 89, 'Success wall ', 1),
(116, 89, 'Success wall', 2),
(117, 89, 'Sucess wall ', 3),
(118, 89, 'Challenge mapping and story circles', 4),
(119, 89, 'success wall', 5),
(120, 89, '10', 6),
(121, 89, 'yes', 7),
(122, 94, 'All topics', 1),
(123, 94, 'Yes', 3),
(124, 95, 'Impact of project on parent', 1),
(125, 95, 'NONE', 2),
(126, 95, 'sharing of our successful accumplishment ', 3),
(127, 95, 'our successfull', 4),
(128, 95, 'to maintain sharing his skill and knowledge', 5),
(129, 95, '10', 6),
(130, 95, 'sustainability ', 7),
(131, 101, 'Success wall because we guide to improve', 1),
(132, 101, 'Challenge mapping, how to overcome', 2),
(133, 101, 'Activities and targets', 3),
(134, 99, 'Success wall and story circle', 1),
(135, 99, 'NONE', 2),
(136, 99, 'Sharing of success sequence and gaps where 1 million project ', 4),
(137, 102, 'Sucess wall, when met my expectation about PD-Health', 1),
(138, 102, 'All activities is interesting ', 3),
(139, 102, 'Sharing story circles', 4),
(140, 102, 'Apply to the barangay ', 5),
(141, 102, '10', 6),
(142, 102, 'It is improve for the future', 7),
(143, 104, 'Success wall kay nakita an mga kaupayan nga naibulig han PD Hearth ha brgy.', 1),
(144, 104, 'None', 2),
(145, 104, 'All', 3),
(146, 104, 'Commitment', 4),
(147, 104, 'Ipapaabot nakon ha amon kumunidad an amon nahibaruan hini nga training han Save the Children', 5),
(148, 104, 'Mahiusong han mga suggestion nga gin paliwanag o ginhatag han tagsa tagsa nga grupo o participants', 7),
(149, 105, 'Success wall kay didto nakita an mga mag-upay nga nahibulig han PD Health ha Barangay', 1),
(150, 105, 'NONE', 2),
(151, 105, 'All, kay tanan nga topic dako nga learning an naihatag ha amun.', 4),
(152, 105, 'Patience and Commitment', 5),
(153, 105, '10 - Productive', 6),
(154, 105, 'Pinaagi han mga suggestions nga ginhatag han kada tagsa nga group nga ginpadangat ha Save the Children, mas magiging maupay na siguro an ini nga programa.', 7),
(155, 108, 'About the successful outcome of PD Hearth and Save the Children', 1),
(156, 109, 'Success wall/ interested', 1);

-- --------------------------------------------------------

--
-- Table structure for table `participants`
--

CREATE TABLE `participants` (
  `id` int(11) NOT NULL,
  `name` varchar(100) NOT NULL,
  `activity_name` varchar(255) DEFAULT NULL,
  `venue` varchar(200) NOT NULL,
  `school` varchar(200) NOT NULL,
  `district` varchar(200) NOT NULL,
  `facilitator_name` varchar(100) NOT NULL,
  `address` varchar(200) NOT NULL,
  `date` date DEFAULT NULL,
  `admin_id` int(11) NOT NULL
) ENGINE=InnoDB DEFAULT CHARSET=utf8mb4;

--
-- Dumping data for table `participants`
--

INSERT INTO `participants` (`id`, `name`, `activity_name`, `venue`, `school`, `district`, `facilitator_name`, `address`, `date`, `admin_id`) VALUES
(48, 'Kyla Salvedia ', 'Mathy\'s Quest: A 2D Educational Adventure for Mastering Fractions and Decimals', 'Tanauan 1 Central School', 'Eastern Visayas State University ', '3', 'Ruth', 'Malaguicay', '2025-04-21', 3),
(50, 'Kyla S. Verona', 'Mathy\'s Quest: A 2D Educational Adventure for Mastering Fractions and Decimals', 'Tanauan 1 Central School', 'Eastern Visayas State University ', '2', 'Maeven', 'Tanauan', '2024-04-24', 3),
(51, 'Kyla S. Verona', 'The Activity', 'School', 'Eastern Visayas State University ', '2', 'Cindy', 'Tanauan', '2025-04-28', 3),
(60, 'W', 'F', 'J', 'J', 'J', 'J', 'N', '2025-05-06', 3),
(61, 'E', 'D', 'J', 'J', 'J', 'J', 'J', '2025-05-06', 3),
(62, 'H', 'N', 'N', 'J', 'J', 'G', 'G', '2025-05-31', 3),
(69, 'Elisa C. Torrel', 'Lesson Learning and Exit Conference Workshop', 'Red Iron Hotel ', '', '', '', 'Libertad Pagsanghan Samar', '2025-04-27', 1),
(70, 'Jhen ', 'Lesson Learning and Exit Conference Workshop', 'Red Iron Hotel ', '', '', '', '', '2025-04-27', 1),
(71, 'Emma Elordo ', 'Lesson Learning and Exit Conference Workshop', 'Red Iron Hotel ', '', 'Calbayog City ', '', '', '2025-04-27', 1),
(72, 'Sandara B. Pabilada ', 'Lesson Learning and Exit Conference Workshop', 'Red Iron Hotel ', '', '', 'Save the Children ', 'Palanas Gandara ', '2025-04-27', 1),
(73, 'Luz M. Buenaventura ', 'Lesson Learning and Exit Conference Workshop', 'Red Iron Hotel Calbayog City ', '', '', '', '', '2025-04-27', 1),
(74, 'Maribel E. Evardane ', 'Lesson Learning and Exit Conference Workshop', 'Red Iron Hotel ', '', '', '', 'Brgy. Cambaye Pagsanghan, Samar ', '2025-04-27', 1),
(75, 'Marita M. Egana ', 'Lesson Learning and Exit Conference Workshop', 'Red Iron Hotel ', '', '', '', 'Brgy. Bangon Pagsanghan, Samar ', '2025-04-27', 1),
(76, '', 'Lesson Learning and Exit Conference Workshop', 'Red Iron Hotel ', '', '', 'Save the Children ', 'Gandara ', '2025-04-27', 1),
(78, 'Wilma C. Jusol ', 'Lesson Learning and Exit Conference Workshop', 'Red Iron Hotel ', '', '', '', 'Pagsanghan Samar ', '2025-04-27', 1),
(79, 'Emily S. Catilogo ', 'Lesson Learning and Exit Conference Workshop', 'Red Iron Hotel ', '', '', '', 'Buenos Aires Pagsanghan, Samar', '2025-04-27', 1),
(80, '', 'Lesson Learning and Exit Conference Workshop', 'Red Iron Hotel ', '', '', '', '', '2025-04-27', 1),
(81, 'Fe B. Delector ', 'Lesson Learning and Exit Conference Workshop', 'Red Iron Hotel ', '', '', '', '', '2025-04-27', 1),
(82, 'Philline B. Baguis', 'Lesson Learning and Exit Conference Workshop', 'Red Iron Hotel ', '', '', 'Save the Children', 'Gandara', '2025-04-27', 1),
(83, 'Jovelyn P. Gutejas', 'Lesson Learning and Exit Conference Workshop', 'Red Iron Hotel ', '', '', '', '', '2025-04-27', 1),
(84, 'Modral Lungsod ', 'Lesson Learning and Exit Conference Workshop', 'Red Iron Hotel ', '', '', '', '', '2025-04-27', 1),
(85, '', 'Lesson Learning and Exit Conference Workshop', 'Red Iron Hotel ', '', '', '', '', '2025-04-27', 1),
(86, 'Violeta M. Copin ', 'Lesson Learning Workshop', 'Red Iron Hotel ', '', '', 'Philip Oledan', '', '2025-04-25', 1),
(87, 'Ma. Lucia G. Mabuhay ', 'Lesson Learning Workshop', 'Red Iron Hotel ', '', 'First District ', 'sir Philip ', 'Rawis San Jorge', '2025-04-25', 1),
(88, '', 'Lesson Learning Workshop', 'Red Iron Hotel ', '', '1', '', 'Tomogbong San Jorge', '2025-04-25', 1),
(89, 'Jennefer Elles', 'Lesson Learning Workshop', 'Red Iron Hotel ', '', '1st District', '', 'Tomogbong', '2025-04-25', 1),
(90, '', 'Lesson Learning Workshop', 'Red Iron Hotel ', '', '', '', '', '2025-04-25', 1),
(91, 'Zarina G. Eljera', 'Lesson Learning Workshop', 'Red Iron Hotel ', '', '1st District', 'sir Philip ', 'Brgy. Rawis San Jorge', '2025-04-25', 1),
(92, 'Rubelyn A. Patal', 'Lesson Learning Workshop', 'Red Iron Hotel ', '', '1st District', 'sir Philip ', 'Brgy. Rawis San Jorge', '2025-04-25', 1),
(93, '', 'Lesson Learning Workshop', 'Red Iron Hotel ', '', '', '', '', '2025-04-25', 1),
(94, '', 'Lesson Learning Workshop', 'Red Iron Hotel ', '', '', '', '', '2025-04-25', 1),
(95, 'Aileen B. Genoliva', 'Lesson Learning Workshop', 'Red Iron Hotel', '', 'Calbayog City', '', 'Brgy San Agustin', '2025-04-25', 1),
(96, '', 'Lesson Learning Workshop', 'Red Iron Hotel ', '', '', '', '', '2025-04-25', 1),
(97, '', 'Lesson Learning Workshop', 'Red Iron Hotel ', '', '', '', '', '2025-04-25', 1),
(98, 'Maribel E. Evandore', 'Lesson Learning Workshop', 'Red Iron Hotel ', '', '', '', 'Brgy. Cambaye Pagsanghan, Samar', '2025-04-25', 1),
(99, '', 'Lesson Learning Workshop', 'Red Iron Hotel', '', '', '', 'Pagsanghan', '2025-04-25', 1),
(100, 'Albert L. Mallores', 'Lesson Learning Workshop', 'Red Iron Hotel ', '', '1st District', 'Save the Children', 'Cambaye Pagsanghan', '2025-04-25', 1),
(101, 'Rowel R. Mallores', 'Lesson Learning Workshop', 'Red Iron Hotel ', '', '1st District', 'Save the Children', 'Cambaye Pagsanghan', '2025-04-25', 1),
(102, 'Sarah Mae Sanchez Cerro', 'Lesson Learning Workshop', 'Red Iron Hotel ', '', '', '', '', '2025-04-25', 1),
(103, 'Jennifer C. Radin', 'Lesson Learning Workshop', 'Red Iron Hotel', '', '', '', '', '2025-04-25', 1),
(104, 'Geraldine G. Coo', 'Lesson Learning Workshop', '', '', '', '', '', '2025-04-25', 1),
(105, 'Catherine C. Canones', 'Lesson Learning Workshop', 'Red Iron Hotel', '', '', '', 'Libertad, Pagsanghan', '2025-04-25', 1),
(106, 'Rholda V. Manozo ', 'Lesson Learning Workshop', 'Red Iron Hotel ', '', '', 'Save the Children', 'Barrue Matuguinao Samar', '2025-04-25', 1),
(107, 'Nimfa V. Dollaso', 'Lesson Learning Workshop', 'Red Iron Hotel ', '', '', '', 'Barruz Matuguinao Samar', '2025-04-25', 1),
(108, 'Ronalyn', 'Lesson Learning Workshop', 'Red Iron Hotel', '', '', 'Ma\'am Angel and Sir Philip', 'Brgy. San Agustin, Gandara', '2025-04-25', 1),
(109, 'Loma C. Dioz', 'Lesson Learning Workshop', 'Red Iron Hotel', '', '', '', 'Bag-oton, Mat. Samar', '2025-04-25', 1);

-- --------------------------------------------------------

--
-- Table structure for table `questions`
--

CREATE TABLE `questions` (
  `id` int(11) NOT NULL,
  `question_text` text NOT NULL
) ENGINE=InnoDB DEFAULT CHARSET=utf8mb4;

--
-- Dumping data for table `questions`
--

INSERT INTO `questions` (`id`, `question_text`) VALUES
(1, '1. The OBJECTIVES of the activity were clearly defined and met.'),
(2, '2. The duration of the topic/s or session/s was/were adequate.'),
(3, '3. The topics discussed were relevant to what I aimed to learn at the end of the session.'),
(4, '1. The handouts and other learning materials provided were appropriate for the participants and were useful'),
(5, '2. The quantity of the handouts and other learning materials provided were sufficient for all participants. '),
(6, '1. The facilitator/s is/are punctual and prepared.'),
(7, '2. The facilitator/s is/area confident and knowledge about the subject matter.'),
(8, '3. The facilitator/s conducts activity in a moderate pace so that all participants are able to follow and he/she goes back to topics when needed.'),
(9, '4. The facilitator/s used appropriate methods to conduct the activities- performs fun, practical and relevenat activities to ensure participants are engaged at all times.'),
(10, '5. The facilitator/s explanations were clear and easy to understand.'),
(11, '6. The facilitator/s is/are supportive and ensures that all participants are able to follow the sessions.'),
(12, '7. The facilitator/s is/are able to professionally deal with unforeseen challenges during facilitation at all times.'),
(13, '1. The quality of food served is acceptable. (taste is good, cooked just right and fresh)'),
(14, '2. The food servings/portions are sufficient.'),
(15, '3. The food arrive before the allotted break time.'),
(16, '4. The table wares (fork, spoon, plates, etc.) are in good condition.'),
(17, '5. The food serve are well groomed and courteous.'),
(18, '6. The venue is conducive to learning - clean, with sufficient space, lighting and ventilation and has other amenities such as a pantry or rest rooms to address the participants\' personal needs.'),
(19, '1. Save the Children Staff monitors our training class in a regular basis.'),
(20, '2.Save the Children Staff is approachable and always ready to listen to our feedback regarding the activity and other concerns.');

-- --------------------------------------------------------

--
-- Table structure for table `user_response`
--

CREATE TABLE `user_response` (
  `id` int(11) NOT NULL,
  `participant_id` int(11) NOT NULL,
  `question_number` int(11) NOT NULL,
  `response` varchar(10) NOT NULL,
  `is_read` tinyint(1) NOT NULL,
  `submitted_at` datetime NOT NULL DEFAULT current_timestamp()
) ENGINE=InnoDB DEFAULT CHARSET=utf8mb4;

--
-- Dumping data for table `user_response`
--

INSERT INTO `user_response` (`id`, `participant_id`, `question_number`, `response`, `is_read`, `submitted_at`) VALUES
(1, 1, 1, 'No', 1, '2025-02-22 22:54:35'),
(2, 0, 1, 'No', 1, '2025-02-22 22:54:35'),
(3, 0, 1, 'Yes', 1, '2025-02-22 22:54:35'),
(4, 519, 1, 'Yes', 1, '2025-02-22 22:54:35'),
(5, 519, 2, 'Yes', 1, '2025-02-22 22:54:35'),
(6, 7, 3, 'Yes', 1, '2025-02-22 22:54:35'),
(7, 7, 4, 'Yes', 1, '2025-02-22 22:54:35'),
(8, 7, 4, 'Yes', 1, '2025-02-22 22:54:35'),
(9, 7, 5, 'No', 1, '2025-02-22 22:54:35'),
(10, 7, 6, 'No', 1, '2025-02-22 22:54:35'),
(11, 7, 7, 'Yes', 1, '2025-02-22 22:54:35'),
(12, 7, 8, 'No', 1, '2025-02-22 22:54:35'),
(13, 7, 9, 'No', 1, '2025-02-22 22:54:35'),
(14, 7, 10, 'No', 1, '2025-02-22 22:54:35'),
(15, 7, 11, 'No', 1, '2025-02-22 22:54:35'),
(16, 7, 12, 'No', 1, '2025-02-22 22:54:35'),
(17, 8, 1, 'Yes', 1, '2025-02-22 22:54:35'),
(18, 8, 2, 'No', 1, '2025-02-22 22:54:35'),
(19, 8, 3, 'No', 1, '2025-02-22 22:54:35'),
(20, 8, 4, 'No', 1, '2025-02-22 22:54:35'),
(21, 8, 5, 'No', 1, '2025-02-22 22:54:35'),
(22, 8, 6, 'Yes', 1, '2025-02-22 22:54:35'),
(23, 8, 7, 'Yes', 1, '2025-02-22 22:54:35'),
(24, 8, 8, 'No', 1, '2025-02-22 22:54:35'),
(25, 8, 9, 'No', 1, '2025-02-22 22:54:35'),
(26, 8, 10, 'No', 1, '2025-02-22 22:54:35'),
(27, 8, 11, 'No', 1, '2025-02-22 22:54:35'),
(28, 8, 12, 'No', 1, '2025-02-22 22:54:35'),
(29, 10, 1, 'Yes', 1, '2025-02-22 22:54:35'),
(30, 10, 2, 'Yes', 1, '2025-02-22 22:54:35'),
(31, 10, 3, 'No', 1, '2025-02-22 22:54:35'),
(32, 10, 4, 'No', 1, '2025-02-22 22:54:35'),
(33, 10, 5, 'No', 1, '2025-02-22 22:54:35'),
(34, 10, 6, 'Yes', 1, '2025-02-22 22:54:35'),
(35, 10, 7, 'No', 1, '2025-02-22 22:54:35'),
(36, 10, 8, 'Yes', 1, '2025-02-22 22:54:35'),
(37, 10, 9, 'No', 1, '2025-02-22 22:54:35'),
(38, 10, 10, 'No', 1, '2025-02-22 22:54:35'),
(39, 10, 11, 'No', 1, '2025-02-22 22:54:35'),
(40, 10, 12, 'No', 1, '2025-02-22 22:54:35'),
(41, 10, 12, 'No', 1, '2025-02-22 22:54:35'),
(42, 0, 1, 'No', 1, '2025-02-22 22:54:35'),
(43, 11, 1, 'No', 1, '2025-02-22 22:54:35'),
(44, 11, 2, 'Yes', 1, '2025-02-22 22:54:35'),
(45, 11, 3, 'Yes', 1, '2025-02-22 22:54:35'),
(46, 11, 4, 'No', 1, '2025-02-22 22:54:35'),
(47, 11, 5, 'No', 1, '2025-02-22 22:54:35'),
(48, 11, 6, 'No', 1, '2025-02-22 22:54:35'),
(49, 11, 7, 'No', 1, '2025-02-22 22:54:35'),
(50, 11, 8, 'Yes', 1, '2025-02-22 22:54:35'),
(51, 11, 9, 'No', 1, '2025-02-22 22:54:35'),
(52, 11, 10, 'No', 1, '2025-02-22 22:54:35'),
(53, 11, 11, 'No', 1, '2025-02-22 22:54:35'),
(54, 11, 12, 'Yes', 1, '2025-02-22 22:54:35'),
(55, 15, 1, 'Yes', 1, '2025-02-22 22:54:35'),
(56, 15, 2, 'No', 1, '2025-02-22 22:54:35'),
(57, 15, 2, 'Yes', 1, '2025-02-22 22:54:35'),
(58, 17, 1, 'Yes', 1, '2025-02-22 22:54:35'),
(59, 17, 2, 'No', 1, '2025-02-22 22:54:35'),
(60, 17, 3, 'No', 1, '2025-02-22 22:54:35'),
(61, 17, 4, 'Yes', 1, '2025-02-22 22:54:35'),
(62, 17, 5, 'Yes', 1, '2025-02-22 22:54:35'),
(63, 17, 6, 'Yes', 1, '2025-02-22 22:54:35'),
(64, 17, 7, 'No', 1, '2025-02-22 22:54:35'),
(65, 17, 8, 'Yes', 1, '2025-02-22 22:54:35'),
(66, 17, 9, 'No', 1, '2025-02-22 22:54:35'),
(67, 17, 10, 'No', 1, '2025-02-22 22:54:35'),
(68, 17, 11, 'No', 1, '2025-02-22 22:54:35'),
(69, 17, 12, 'No', 1, '2025-02-22 22:54:35'),
(70, 17, 12, 'No', 1, '2025-02-22 22:54:35'),
(71, 18, 1, 'No', 1, '2025-02-22 22:54:35'),
(72, 18, 2, 'No', 1, '2025-02-22 22:54:35'),
(73, 18, 3, 'Yes', 1, '2025-02-22 22:54:35'),
(74, 18, 4, 'Yes', 1, '2025-02-22 22:54:35'),
(75, 18, 5, 'No', 1, '2025-02-22 22:54:35'),
(76, 18, 6, 'No', 1, '2025-02-22 22:54:35'),
(77, 18, 7, 'No', 1, '2025-02-22 22:54:35'),
(78, 18, 8, 'No', 1, '2025-02-22 22:54:35'),
(79, 18, 9, 'No', 1, '2025-02-22 22:54:35'),
(80, 18, 10, 'No', 1, '2025-02-22 22:54:35'),
(81, 18, 11, 'No', 1, '2025-02-22 22:54:35'),
(82, 18, 12, 'No', 1, '2025-02-22 22:54:35'),
(83, 20, 1, 'No', 1, '2025-02-22 22:54:35'),
(84, 20, 2, 'No', 1, '2025-02-22 22:54:35'),
(85, 20, 3, 'No', 1, '2025-02-22 22:54:35'),
(86, 20, 4, 'No', 1, '2025-02-22 22:54:35'),
(87, 20, 5, 'No', 1, '2025-02-22 22:54:35'),
(88, 20, 6, 'No', 1, '2025-02-22 22:54:35'),
(89, 20, 7, 'No', 1, '2025-02-22 22:54:35'),
(90, 20, 8, 'No', 1, '2025-02-22 22:54:35'),
(91, 20, 9, 'No', 1, '2025-02-22 22:54:35'),
(92, 20, 10, 'No', 1, '2025-02-22 22:54:35'),
(93, 20, 11, 'No', 1, '2025-02-22 22:54:35'),
(94, 20, 12, 'No', 1, '2025-02-22 22:54:35'),
(95, 20, 12, 'No', 1, '2025-02-22 22:54:35'),
(96, 21, 1, 'Yes', 1, '2025-02-22 22:54:35'),
(97, 21, 2, 'Yes', 1, '2025-02-22 22:54:35'),
(98, 21, 3, 'No', 1, '2025-02-22 22:54:35'),
(99, 21, 4, 'Yes', 1, '2025-02-22 22:54:35'),
(100, 21, 5, 'No', 1, '2025-02-22 22:54:35'),
(101, 21, 6, 'No', 1, '2025-02-22 22:54:35'),
(102, 21, 7, 'No', 1, '2025-02-22 22:54:35'),
(103, 21, 8, 'Yes', 1, '2025-02-22 22:54:35'),
(104, 21, 9, 'No', 1, '2025-02-22 22:54:35'),
(105, 21, 10, 'No', 1, '2025-02-22 22:54:35'),
(106, 21, 11, 'No', 1, '2025-02-22 22:54:35'),
(107, 21, 12, 'Yes', 1, '2025-02-22 22:54:35'),
(108, 21, 12, 'Yes', 1, '2025-02-22 22:54:35'),
(109, 21, 12, 'Yes', 1, '2025-02-22 22:54:35'),
(110, 21, 12, 'No', 1, '2025-02-22 22:54:35'),
(111, 21, 12, 'Yes', 1, '2025-02-22 22:54:35'),
(112, 21, 12, 'Yes', 1, '2025-02-22 22:54:35'),
(113, 22, 12, 'Yes', 1, '2025-02-22 22:54:35'),
(114, 23, 1, 'Yes', 1, '2025-02-22 22:54:35'),
(115, 23, 2, 'No', 1, '2025-02-22 22:54:35'),
(116, 23, 3, 'Yes', 1, '2025-02-22 22:54:35'),
(117, 23, 4, 'No', 1, '2025-02-22 22:54:35'),
(118, 23, 5, 'No', 1, '2025-02-22 22:54:35'),
(119, 23, 6, 'No', 1, '2025-02-22 22:54:35'),
(120, 23, 7, 'No', 1, '2025-02-22 22:54:35'),
(121, 23, 8, 'Yes', 1, '2025-02-22 22:54:35'),
(122, 23, 9, 'No', 1, '2025-02-22 22:54:35'),
(123, 23, 10, 'No', 1, '2025-02-22 22:54:35'),
(124, 23, 11, 'No', 1, '2025-02-22 22:54:35'),
(125, 23, 12, 'Yes', 1, '2025-02-22 22:54:35'),
(126, 25, 1, 'No', 1, '2025-02-22 22:54:35'),
(127, 25, 2, 'No', 1, '2025-02-22 22:54:35'),
(128, 25, 3, 'Yes', 1, '2025-02-22 22:54:35'),
(129, 25, 4, 'No', 1, '2025-02-22 22:54:35'),
(130, 25, 4, 'No', 1, '2025-02-22 22:54:35'),
(131, 25, 5, 'No', 1, '2025-02-22 22:54:35'),
(132, 25, 6, 'No', 1, '2025-02-22 22:54:35'),
(133, 25, 7, 'No', 1, '2025-02-22 22:54:35'),
(134, 25, 8, 'Yes', 1, '2025-02-22 22:54:35'),
(135, 25, 9, 'Yes', 1, '2025-02-22 22:54:35'),
(136, 25, 10, 'No', 1, '2025-02-22 22:54:35'),
(137, 25, 11, 'No', 1, '2025-02-22 22:54:35'),
(138, 25, 12, 'Yes', 1, '2025-02-22 22:54:35'),
(139, 28, 1, 'Yes', 1, '2025-02-22 22:54:35'),
(140, 28, 1, 'Yes', 1, '2025-02-22 22:54:35'),
(141, 28, 2, 'Yes', 1, '2025-02-22 22:54:35'),
(142, 28, 3, 'Yes', 1, '2025-02-22 22:54:35'),
(143, 28, 4, 'No', 1, '2025-02-22 22:54:35'),
(144, 28, 5, 'Yes', 1, '2025-02-22 22:54:35'),
(145, 28, 6, 'No', 1, '2025-02-22 22:54:35'),
(146, 28, 7, 'Yes', 1, '2025-02-22 22:54:35'),
(147, 28, 8, 'Yes', 1, '2025-02-22 22:54:35'),
(148, 28, 9, 'No', 1, '2025-02-22 22:54:35'),
(149, 28, 10, 'Yes', 1, '2025-02-22 22:54:35'),
(150, 28, 11, 'Yes', 1, '2025-02-22 22:54:35'),
(151, 28, 12, 'Yes', 1, '2025-02-22 22:54:35'),
(152, 30, 1, 'Yes', 1, '2025-02-22 22:54:35'),
(153, 30, 2, 'Yes', 1, '2025-02-22 22:54:35'),
(154, 30, 3, 'Yes', 1, '2025-02-22 22:54:35'),
(155, 30, 4, 'Yes', 1, '2025-02-22 22:54:35'),
(156, 30, 5, 'Yes', 1, '2025-02-22 22:54:35'),
(157, 30, 6, 'Yes', 1, '2025-02-22 22:54:35'),
(158, 30, 7, 'Yes', 1, '2025-02-22 22:54:35'),
(159, 30, 8, 'Yes', 1, '2025-02-22 22:54:35'),
(160, 30, 9, 'No', 1, '2025-02-22 22:54:35'),
(161, 30, 10, 'No', 1, '2025-02-22 22:54:35'),
(162, 30, 11, 'No', 1, '2025-02-22 22:54:35'),
(163, 30, 12, 'Yes', 1, '2025-02-22 22:54:35'),
(164, 30, 12, 'Yes', 1, '2025-02-22 22:54:35'),
(165, 30, 0, 'Completed ', 1, '2025-02-22 22:54:35'),
(166, 31, 12, 'Yes', 1, '2025-02-22 22:54:35'),
(167, 31, 0, 'Completed ', 0, '2025-02-22 22:54:35'),
(168, 31, 12, 'Yes', 0, '2025-02-22 22:54:35'),
(169, 31, 0, 'Completed ', 0, '2025-02-22 22:54:35'),
(170, 32, 12, 'Yes', 0, '2025-02-22 22:54:35'),
(171, 32, 0, 'Completed ', 0, '2025-02-22 22:54:35'),
(172, 32, 12, 'Yes', 0, '2025-02-22 22:54:35'),
(173, 32, 0, 'Completed ', 0, '2025-02-22 22:54:35'),
(174, 32, 12, 'Yes', 0, '2025-02-22 22:54:35'),
(175, 32, 0, 'Completed ', 0, '2025-02-22 22:54:35'),
(176, 32, 12, 'Yes', 0, '2025-02-22 22:54:35'),
(177, 32, 0, 'Completed ', 0, '2025-02-22 22:54:35'),
(178, 32, 12, 'Yes', 0, '2025-02-22 23:00:45'),
(179, 32, 0, 'Completed ', 0, '2025-02-22 23:00:45'),
(180, 33, 1, 'Yes', 0, '2025-02-24 09:16:21'),
(181, 34, 2, 'Yes', 0, '2025-02-24 09:22:44'),
(182, 34, 3, 'Yes', 0, '2025-02-24 09:22:49'),
(183, 34, 4, 'No', 0, '2025-02-24 09:22:52'),
(184, 34, 5, 'No', 0, '2025-02-24 09:22:54'),
(185, 34, 6, 'Yes', 0, '2025-02-24 09:22:57'),
(186, 34, 7, 'Yes', 0, '2025-02-24 09:23:00'),
(187, 34, 8, 'Yes', 0, '2025-02-24 09:23:03'),
(188, 34, 9, 'Yes', 0, '2025-02-24 09:23:07'),
(189, 34, 10, 'Yes', 0, '2025-02-24 09:23:10'),
(190, 34, 11, 'No', 0, '2025-02-24 09:23:12'),
(191, 34, 12, 'Yes', 0, '2025-02-24 09:23:15'),
(192, 34, 0, 'Completed ', 0, '2025-02-24 09:23:15'),
(193, 36, 1, 'No', 0, '2025-02-24 11:39:59'),
(194, 37, 1, 'Yes', 0, '2025-02-24 14:59:49'),
(195, 37, 2, 'No', 0, '2025-02-24 14:59:51'),
(196, 37, 3, 'No', 0, '2025-02-24 14:59:54'),
(197, 37, 4, 'Yes', 0, '2025-02-24 14:59:56'),
(198, 37, 5, 'Yes', 0, '2025-02-24 14:59:59'),
(199, 37, 6, 'No', 0, '2025-02-24 15:00:03'),
(200, 37, 7, 'No', 0, '2025-02-24 15:00:06'),
(201, 37, 8, 'No', 0, '2025-02-24 15:00:09'),
(202, 37, 9, 'No', 0, '2025-02-24 15:00:11'),
(203, 37, 10, 'No', 0, '2025-02-24 15:00:14'),
(204, 37, 11, 'No', 0, '2025-02-24 15:00:17'),
(205, 37, 12, 'Yes', 0, '2025-02-24 15:00:20'),
(206, 37, 0, 'Completed ', 0, '2025-02-24 15:00:20'),
(207, 38, 1, 'Yes', 0, '2025-02-27 11:41:34'),
(208, 38, 2, 'No', 0, '2025-02-27 11:41:37'),
(209, 38, 3, 'Yes', 0, '2025-02-27 11:41:39'),
(210, 38, 4, 'No', 0, '2025-02-27 11:41:41'),
(211, 38, 5, 'Yes', 0, '2025-02-27 11:41:43'),
(212, 38, 6, 'Yes', 0, '2025-02-27 11:41:45'),
(213, 38, 7, 'Yes', 0, '2025-02-27 11:41:48'),
(214, 38, 8, 'Yes', 0, '2025-02-27 11:41:50'),
(215, 38, 9, 'Yes', 0, '2025-02-27 11:41:53'),
(216, 38, 10, 'Yes', 0, '2025-02-27 11:41:55'),
(217, 38, 11, 'Yes', 0, '2025-02-27 11:41:57'),
(218, 38, 12, 'Yes', 0, '2025-02-27 11:41:59'),
(219, 38, 0, 'Completed ', 0, '2025-02-27 11:41:59'),
(220, 39, 1, 'Yes', 0, '2025-02-27 16:52:15'),
(221, 39, 2, 'No', 0, '2025-02-27 16:52:17'),
(222, 39, 3, 'No', 0, '2025-02-27 16:52:19'),
(223, 39, 4, 'No', 0, '2025-02-27 16:52:22'),
(224, 39, 5, 'No', 0, '2025-02-27 16:52:24'),
(225, 39, 6, 'No', 0, '2025-02-27 16:52:26'),
(226, 39, 7, 'No', 0, '2025-02-27 16:52:29'),
(227, 39, 8, 'No', 0, '2025-02-27 16:52:31'),
(228, 39, 9, 'No', 0, '2025-02-27 16:52:34'),
(229, 39, 10, 'No', 0, '2025-02-27 16:52:37'),
(230, 39, 11, 'No', 0, '2025-02-27 16:52:39'),
(231, 39, 12, 'No', 0, '2025-02-27 16:52:42'),
(232, 39, 0, 'Completed ', 0, '2025-02-27 16:52:42'),
(233, 41, 12, 'Yes', 0, '2025-02-27 17:04:54'),
(234, 41, 0, 'Completed ', 0, '2025-02-27 17:04:54'),
(235, 42, 1, 'Yes', 0, '2025-02-28 09:11:27'),
(236, 42, 2, 'Yes', 0, '2025-02-28 09:11:30'),
(237, 42, 3, 'Yes', 0, '2025-02-28 09:11:32'),
(238, 42, 4, 'Yes', 0, '2025-02-28 09:11:35'),
(239, 42, 5, 'Yes', 0, '2025-02-28 09:11:38'),
(240, 42, 6, 'No', 0, '2025-02-28 09:11:42'),
(241, 42, 7, 'Yes', 0, '2025-02-28 09:11:44'),
(242, 42, 8, 'No', 0, '2025-02-28 09:11:47'),
(243, 42, 9, 'No', 0, '2025-02-28 09:11:51'),
(244, 42, 10, 'No', 0, '2025-02-28 09:11:54'),
(245, 42, 11, 'No', 0, '2025-02-28 09:11:56'),
(246, 42, 12, 'Yes', 0, '2025-02-28 09:12:01'),
(247, 42, 0, 'Completed ', 0, '2025-02-28 09:12:01'),
(248, 43, 1, 'Yes', 0, '2025-02-28 09:19:21'),
(249, 43, 2, 'No', 0, '2025-02-28 09:19:23'),
(250, 43, 3, 'No', 0, '2025-02-28 09:19:27'),
(251, 43, 4, 'No', 0, '2025-02-28 09:19:29'),
(252, 43, 5, 'No', 0, '2025-02-28 09:19:32'),
(253, 43, 6, 'No', 0, '2025-02-28 09:19:35'),
(254, 43, 7, 'No', 0, '2025-02-28 09:19:38'),
(255, 43, 8, 'No', 0, '2025-02-28 09:19:42'),
(256, 43, 9, 'No', 0, '2025-02-28 09:19:44'),
(257, 43, 10, 'No', 0, '2025-02-28 09:19:46'),
(258, 43, 11, 'No', 0, '2025-02-28 09:19:49'),
(259, 43, 12, 'No', 0, '2025-02-28 09:19:52'),
(260, 43, 0, 'Completed ', 0, '2025-02-28 09:19:52'),
(261, 44, 1, 'Yes', 0, '2025-02-28 09:27:49'),
(262, 44, 2, 'No', 0, '2025-02-28 09:27:51'),
(263, 44, 3, 'No', 0, '2025-02-28 09:27:54'),
(264, 44, 4, 'No', 0, '2025-02-28 09:27:56'),
(265, 44, 5, 'No', 0, '2025-02-28 09:27:59'),
(266, 44, 6, 'No', 0, '2025-02-28 09:28:02'),
(267, 44, 7, 'No', 0, '2025-02-28 09:28:05'),
(268, 44, 8, 'No', 0, '2025-02-28 09:28:08'),
(269, 44, 9, 'No', 0, '2025-02-28 09:28:11'),
(270, 44, 10, 'No', 0, '2025-02-28 09:28:13'),
(271, 44, 11, 'No', 0, '2025-02-28 09:28:18'),
(272, 44, 12, 'Yes', 0, '2025-02-28 09:28:21'),
(273, 44, 0, 'Completed ', 0, '2025-02-28 09:49:28'),
(274, 44, 0, 'Completed ', 0, '2025-02-28 09:59:06'),
(275, 44, 0, 'Completed ', 0, '2025-02-28 10:42:21'),
(276, 44, 0, 'Completed ', 0, '2025-02-28 10:42:31'),
(277, 45, 1, 'Yes', 0, '2025-02-28 10:53:40'),
(278, 45, 2, 'No', 0, '2025-02-28 10:53:42'),
(279, 45, 3, 'No', 0, '2025-02-28 10:53:49'),
(280, 45, 4, 'No', 0, '2025-02-28 10:53:51'),
(281, 45, 5, 'Yes', 0, '2025-02-28 10:53:53'),
(282, 45, 6, 'No', 0, '2025-02-28 10:53:55'),
(283, 45, 7, 'No', 0, '2025-02-28 10:53:57'),
(284, 45, 8, 'No', 0, '2025-02-28 10:53:59'),
(285, 45, 9, 'No', 0, '2025-02-28 10:54:00'),
(286, 45, 10, 'Yes', 0, '2025-02-28 10:54:02'),
(287, 45, 11, 'No', 0, '2025-02-28 10:54:03'),
(288, 45, 12, 'Yes', 0, '2025-02-28 10:54:05'),
(289, 45, 0, 'Completed ', 0, '2025-02-28 10:55:32'),
(290, 46, 1, 'Yes', 0, '2025-02-28 10:57:00'),
(291, 46, 2, 'Yes', 0, '2025-02-28 10:57:58'),
(292, 46, 3, 'No', 0, '2025-02-28 10:58:00'),
(293, 46, 4, 'Yes', 0, '2025-02-28 10:58:02'),
(294, 46, 5, 'No', 0, '2025-02-28 10:58:03'),
(295, 46, 6, 'No', 0, '2025-02-28 10:58:05'),
(296, 46, 7, 'No', 0, '2025-02-28 10:58:06'),
(297, 46, 8, 'No', 0, '2025-02-28 10:58:08'),
(298, 46, 9, 'No', 0, '2025-02-28 10:58:09'),
(299, 46, 10, 'No', 0, '2025-02-28 10:58:11'),
(300, 46, 11, 'No', 0, '2025-02-28 10:58:13'),
(301, 46, 12, 'No', 0, '2025-02-28 10:58:14'),
(302, 45, 0, 'Completed ', 0, '2025-02-28 11:04:18'),
(303, 45, 0, 'Completed ', 0, '2025-02-28 11:05:23'),
(304, 45, 0, 'Completed ', 0, '2025-02-28 11:06:14'),
(305, 45, 0, 'Completed ', 0, '2025-02-28 11:08:46'),
(306, 45, 0, 'Completed ', 0, '2025-02-28 11:50:48'),
(307, 47, 1, 'Yes', 0, '2025-03-01 18:35:31'),
(308, 47, 2, 'No', 0, '2025-03-01 18:35:34'),
(309, 47, 3, 'No', 0, '2025-03-01 18:35:37'),
(310, 47, 4, 'Yes', 0, '2025-03-01 18:35:39'),
(311, 47, 5, 'No', 0, '2025-03-01 18:35:42'),
(312, 47, 6, 'Yes', 0, '2025-03-01 18:35:45'),
(313, 47, 7, 'No', 0, '2025-03-01 18:35:48'),
(314, 47, 8, 'No', 0, '2025-03-01 18:35:50'),
(315, 47, 9, 'No', 0, '2025-03-01 18:35:53'),
(316, 47, 10, 'Yes', 0, '2025-03-01 18:35:55'),
(317, 47, 11, 'No', 0, '2025-03-01 18:35:57'),
(318, 47, 12, 'Yes', 0, '2025-03-01 18:36:00'),
(319, 47, 0, 'Completed ', 0, '2025-03-01 18:36:23'),
(320, 48, 1, 'Yes', 0, '2025-03-01 19:28:51'),
(321, 48, 2, 'No', 0, '2025-03-01 19:28:54'),
(322, 48, 3, 'No', 0, '2025-03-01 19:28:56'),
(323, 48, 4, 'No', 0, '2025-03-01 19:28:58'),
(324, 48, 5, 'No', 0, '2025-03-01 19:29:01'),
(325, 48, 6, 'No', 0, '2025-03-01 19:29:04'),
(326, 48, 7, 'No', 0, '2025-03-01 19:29:06'),
(327, 48, 8, 'No', 0, '2025-03-01 19:29:08'),
(328, 48, 9, 'No', 0, '2025-03-01 19:29:10'),
(329, 48, 10, 'No', 0, '2025-03-01 19:29:12'),
(330, 48, 11, 'No', 0, '2025-03-01 19:29:15'),
(331, 48, 12, 'Yes', 0, '2025-03-01 19:29:17'),
(332, 48, 0, 'Completed ', 0, '2025-03-01 19:29:20'),
(333, 49, 1, 'Yes', 0, '2025-03-04 14:08:21'),
(334, 49, 2, 'No', 0, '2025-03-04 14:08:23'),
(335, 49, 3, 'No', 0, '2025-03-04 14:08:26'),
(336, 49, 4, 'No', 0, '2025-03-04 14:08:28'),
(337, 49, 5, 'No', 0, '2025-03-04 14:08:31'),
(338, 49, 6, 'No', 0, '2025-03-04 14:08:34'),
(339, 49, 7, 'No', 0, '2025-03-04 14:08:37'),
(340, 49, 8, 'No', 0, '2025-03-04 14:08:40'),
(341, 49, 9, 'No', 0, '2025-03-04 14:08:44'),
(342, 49, 10, 'No', 0, '2025-03-04 14:08:46'),
(343, 49, 11, 'No', 0, '2025-03-04 14:08:49'),
(344, 49, 12, 'Yes', 0, '2025-03-04 14:08:51'),
(345, 49, 0, 'Completed ', 0, '2025-03-04 14:08:56');

--
-- Indexes for dumped tables
--

--
-- Indexes for table `additional_comment`
--
ALTER TABLE `additional_comment`
  ADD PRIMARY KEY (`id`);

--
-- Indexes for table `admin`
--
ALTER TABLE `admin`
  ADD PRIMARY KEY (`id`),
  ADD UNIQUE KEY `username` (`username`);

--
-- Indexes for table `admin_login_activity`
--
ALTER TABLE `admin_login_activity`
  ADD PRIMARY KEY (`id`),
  ADD KEY `admin_id` (`admin_id`);

--
-- Indexes for table `assessment`
--
ALTER TABLE `assessment`
  ADD PRIMARY KEY (`id`);

--
-- Indexes for table `assessment_response`
--
ALTER TABLE `assessment_response`
  ADD PRIMARY KEY (`id`);

--
-- Indexes for table `comment_response`
--
ALTER TABLE `comment_response`
  ADD PRIMARY KEY (`id`),
  ADD KEY `fk_participant` (`participant_id`),
  ADD KEY `additional_comment_id` (`additional_comment_id`);

--
-- Indexes for table `participants`
--
ALTER TABLE `participants`
  ADD PRIMARY KEY (`id`);

--
-- Indexes for table `questions`
--
ALTER TABLE `questions`
  ADD PRIMARY KEY (`id`);

--
-- Indexes for table `user_response`
--
ALTER TABLE `user_response`
  ADD PRIMARY KEY (`id`);

--
-- AUTO_INCREMENT for dumped tables
--

--
-- AUTO_INCREMENT for table `additional_comment`
--
ALTER TABLE `additional_comment`
  MODIFY `id` int(11) NOT NULL AUTO_INCREMENT, AUTO_INCREMENT=8;

--
-- AUTO_INCREMENT for table `admin`
--
ALTER TABLE `admin`
  MODIFY `id` int(11) NOT NULL AUTO_INCREMENT, AUTO_INCREMENT=4;

--
-- AUTO_INCREMENT for table `admin_login_activity`
--
ALTER TABLE `admin_login_activity`
  MODIFY `id` int(11) NOT NULL AUTO_INCREMENT, AUTO_INCREMENT=30;

--
-- AUTO_INCREMENT for table `assessment`
--
ALTER TABLE `assessment`
  MODIFY `id` int(11) NOT NULL AUTO_INCREMENT, AUTO_INCREMENT=32;

--
-- AUTO_INCREMENT for table `assessment_response`
--
ALTER TABLE `assessment_response`
  MODIFY `id` int(11) NOT NULL AUTO_INCREMENT, AUTO_INCREMENT=1672;

--
-- AUTO_INCREMENT for table `comment_response`
--
ALTER TABLE `comment_response`
  MODIFY `id` int(11) NOT NULL AUTO_INCREMENT, AUTO_INCREMENT=158;

--
-- AUTO_INCREMENT for table `participants`
--
ALTER TABLE `participants`
  MODIFY `id` int(11) NOT NULL AUTO_INCREMENT, AUTO_INCREMENT=113;

--
-- AUTO_INCREMENT for table `questions`
--
ALTER TABLE `questions`
  MODIFY `id` int(11) NOT NULL AUTO_INCREMENT, AUTO_INCREMENT=21;

--
-- AUTO_INCREMENT for table `user_response`
--
ALTER TABLE `user_response`
  MODIFY `id` int(11) NOT NULL AUTO_INCREMENT, AUTO_INCREMENT=346;

--
-- Constraints for dumped tables
--

--
-- Constraints for table `admin_login_activity`
--
ALTER TABLE `admin_login_activity`
  ADD CONSTRAINT `admin_login_activity_ibfk_1` FOREIGN KEY (`admin_id`) REFERENCES `admin` (`id`) ON DELETE CASCADE;

--
-- Constraints for table `comment_response`
--
ALTER TABLE `comment_response`
  ADD CONSTRAINT `comment_response_ibfk_1` FOREIGN KEY (`additional_comment_id`) REFERENCES `additional_comment` (`id`) ON DELETE CASCADE,
  ADD CONSTRAINT `fk_participant` FOREIGN KEY (`participant_id`) REFERENCES `participants` (`id`) ON DELETE CASCADE;
COMMIT;

/*!40101 SET CHARACTER_SET_CLIENT=@OLD_CHARACTER_SET_CLIENT */;
/*!40101 SET CHARACTER_SET_RESULTS=@OLD_CHARACTER_SET_RESULTS */;
/*!40101 SET COLLATION_CONNECTION=@OLD_COLLATION_CONNECTION */;
